Product,DEC_20,JAN_21,FEB_21,MAR_21,APR_21,MAY_21,JUN_21,JUL_21,AUG_21,SEP_21,OCT_21,NOV_21,DEC_21
All items,261.56,262.231,263.161,264.793,266.832,268.551,270.981,272.265,273.012,274.138,276.724,278.88,280.192
Food,270.656,270.88,271.327,271.632,272.658,273.866,275.993,277.985,279.084,281.668,284.225,286.245,287.67
Food at home,252.324,252.007,252.656,252.927,254.029,254.931,257.052,258.782,259.739,262.969,265.512,267.632,268.745
Cereals and bakery products,285.029,282.886,284.34,284.002,285.055,286.44,285.542,288.886,288.921,291.964,294.985,297.42,298.635
Cereals and cereal products,234.382,233.115,232.214,231.878,230.712,233.057,233.155,234.396,235.159,236.574,240.473,243.585,245.609
Flour and prepared flour mixes,242.423,238.482,237.237,239.066,234.485,237.605,239.59,240.257,245.144,247.743,252.777,257.421,258.465
Breakfast cereal(4),227.887,226.376,223.913,225.778,225.246,228.209,229.794,229.959,229.855,229.122,236.615,238.343,241.597
"Rice, pasta, cornmeal",246.497,244.596,244.169,243.596,242.779,243.808,242.2,244.462,243.233,247.046,247.048,249.995,253.355
Rice(4)(5)(6),167.403,166.652,166.248,165.565,165.84,165.131,164.153,165.367,165.886,166.677,166.752,169.238,170.563
Bakery products(4),313.199,312.06,314.428,315.045,316.761,317.187,316.77,320.386,319.545,324.458,326.628,327.648,328.129
Bread(4)(5),193.093,191.579,191.171,191.582,191.929,193.564,192.878,193.094,192.971,196.492,198.052,200.415,200.504
White bread(4)(6),350.661,345.97,345.249,348.937,347.162,350.866,350.546,348.643,346.969,355.554,357.543,362.989,361.14
Bread other than white(4)(6),376.157,374.39,372.687,371.433,374.117,377.717,374.352,378.241,378.95,383.377,387.707,391.287,393.523
"Fresh biscuits, rolls, muffins(5)",184.752,184.968,188.612,186.391,187.426,188.786,189.157,190.939,187.446,194.393,194.241,196.686,193.409
"Cakes, cupcakes, and cookies(4)",296.454,297.056,296.6,302.167,303.122,299.796,300.883,304.215,304.406,305.507,305.051,305.434,307.683
Cookies(4)(6),280.096,277.49,277.566,284.635,283.775,279.246,277.514,282.886,283.2,283.991,282.346,280.956,286.068
Fresh cakes and cupcakes(4)(6),310.389,316.489,314.74,316.681,320.673,319.21,325.601,327.218,325.354,327.677,329.989,331.511,328.681
Other bakery products,277.959,270.997,277.425,275.637,278.582,279.47,277.34,283.921,283.123,286.406,291.373,293.925,295.99
"Fresh sweetrolls, coffeecakes, doughnuts(4)(6)",327.884,323.39,324.689,321.308,328.259,326.641,320.51,329.336,330.131,329.037,329.164,340.701,337.339
"Crackers, bread, and cracker products(6)",314.936,310.974,318.008,314.278,322.371,324.671,320.78,332.758,328.512,338.634,338.355,340.323,349.494
"Frozen and refrigerated bakery products, pies, tarts, turnovers(4)(6)",270.016,265.393,270.441,269.663,268.194,269.573,271.264,275.65,275.179,276.877,287.105,283.982,283.144
"Meats, poultry, fish, and eggs",266.385,267.739,268.652,268.927,270.394,273.96,280.756,284.93,286.908,293.126,298.253,301.058,299.871
"Meats, poultry, and fish",271.092,272.371,273,272.967,274.63,278.413,285.236,289.462,291.139,297.635,303.174,306.681,305.398
Meats,275.706,277.431,278.868,278.004,280.779,283.583,292.403,296.014,297.518,307.338,315.04,319.368,316.503
Beef and veal,337.076,340.777,342.216,340.915,340.229,348.124,363.684,367.956,374.265,392.104,404.312,408.064,399.833
Uncooked ground beef(4),290.523,289.968,290.26,295.827,296.906,298.089,308.319,310.588,317.667,323.036,331.442,334.337,328.379
Uncooked beef roasts(4)(5),256.824,258.766,264.311,268.702,268.55,285.682,299.826,302.083,301.017,319.206,320.251,325.982,313.704
Uncooked beef steaks(5),223.827,229.684,229.614,226.308,229.331,239.088,253.497,255.368,258.259,270.68,278.299,278.913,271.766
Uncooked other beef and veal(4)(5),274.15,275.955,275.772,273.758,275.482,288.623,307.146,310.119,308.724,324.683,329.502,337.584,337.797
Pork,228.305,228.958,231.298,230.498,236.42,237.478,244.957,247.614,248.438,252.692,259.293,264.9,262.752
"Bacon, breakfast sausage, and related products(5)",172.129,169.254,168.941,171.12,176.038,177.615,181.19,182.433,187.744,191.127,195.674,200.121,200.18
Bacon and related products(6),322.594,319.877,318.814,323.25,334.246,340.32,347.026,350.746,362.318,371.569,378.874,385.289,382.71
Breakfast sausage and related products(5)(6),155.267,151.983,151.612,153.699,155.026,156.738,158.887,159.288,162.788,163.755,168.197,172.804,175.173
Ham,211.784,218.357,229.933,212.058,221.077,215.108,221.794,218.438,222.047,227.607,227.458,232.224,233.154
"Ham, excluding canned(6)",236.403,243.638,258.564,237.127,249.082,240.119,247.277,244.044,248.482,254.877,254.267,259.499,261.151
Pork chops(4),208.335,203.256,205.226,208.45,212.226,214.056,224.766,228.531,228.555,225.262,236.503,236.883,234.362
"Other pork including roasts, steaks, and ribs(5)",137.356,140.615,139.489,142.354,146.945,147.677,155.016,161.766,156.911,159.041,162.828,168.83,163.283
Other meats,237.136,237.435,237.447,237.186,240.204,237.958,238.319,242.121,237.511,243.143,245.368,248.365,252.468
Frankfurters(6),251.56,249.601,253.884,251.997,258.827,253.91,252.428,264.475,242.507,251.626,246.838,253.833,250.12
Lunchmeats(4)(5)(6),152.767,152.624,151.742,151.269,152.8,151.955,151.389,153.08,152.385,155.074,157.588,159.12,163.359
Poultry(4),244.527,245.84,244.068,246.176,248.794,253.544,255.917,260.68,264.382,263.135,265.358,267.483,267.769
Chicken(4)(5),158.208,157.889,156.594,158.667,160.017,162.973,164.003,167.637,169.947,169.901,171.628,174.031,174.595
Fresh whole chicken(4)(6),259.196,258.407,258.55,263.332,263.308,268.738,270.098,274.126,276.794,276.957,275.654,279.318,279.309
Fresh and frozen chicken parts(4)(6),236.543,235.836,232.716,235.846,238.368,242.774,244.606,251.115,255.065,255.061,258.894,262.8,263.735
Other uncooked poultry including turkey(5),158.531,162.755,160.706,159.2,162.923,164.603,167.761,169.698,171.969,167.635,167.443,169.263,167.468
Fish and seafood,314.221,313.657,314.587,314.8,310.407,317.173,322.883,329.244,328.696,333.45,335.336,337.76,340.69
Fresh fish and seafood(5),196.763,195.286,196.565,199.095,196.155,201.404,205.29,209.729,210.708,215.69,216.878,216.173,216.925
Processed fish and seafood(5),155.195,156.143,155.705,155.047,153.626,155.082,157.976,160.57,158.03,159.699,160.535,163.379,165.401
Shelf stable fish and seafood(6),225.939,228.014,228.925,232.883,224.756,225.072,226.862,226.662,221.474,221.741,223.715,225.813,227.426
Frozen fish and seafood(6),321.764,323.541,321.921,318.108,318.035,321.143,329.984,339.031,332.589,340.985,336.333,346.926,352.805
Eggs,204.827,207.144,211.729,216.003,214.927,215.68,222.116,225.606,231.467,234.083,233.842,227.541,227.601
Dairy and related products,231.043,230.131,229.765,228.566,229.991,230.992,231.544,232.943,230.579,232.154,232.67,233.098,234.733
Milk(5),152.05,150.183,148.762,148.032,151.13,154.424,155.153,156.543,154.386,155.016,155.078,156.402,158.465
Fresh whole milk(6),220.128,217.005,213.907,213.581,218.709,225.52,225.057,227.922,225.714,226.781,226.126,229.524,230.968
Fresh milk other than whole(5)(6),155.096,154.079,153.697,152.3,155.585,157.649,159.114,160.27,157.698,158.542,158.459,159.545,161.38
Cheese and related products(4),243.45,244.437,243.24,242.959,240.069,239.858,240.1,238.678,238.682,240.622,241.554,241.573,242.001
Ice cream and related products,231.399,230.646,228.913,228.684,229.897,228.558,232.297,236.4,233.692,233.011,237.067,232.278,235.069
Other dairy and related products(4)(5),152.089,152.552,153.82,152.39,153.92,153.61,152.469,154.148,152.751,153.872,153.767,153.505,154.618
Fruits and vegetables,307.346,306.606,308.808,311.983,314.4,314.528,316.849,313.917,314.63,316.626,316.836,320.062,322.844
Fresh fruits and vegetables,354.164,353.748,357.277,361.351,363.704,364.102,367.823,362.896,363.997,366.701,365.559,369.703,372.618
Fresh fruits,359.835,364.044,370.634,373.952,379.557,378.516,382.658,375.773,374.605,376.496,372.946,381.238,388.202
Apples,326.93,329.35,337.293,338.527,336.083,336.151,342.344,338.571,333.654,346.415,346.642,348.778,352.409
Bananas(4),189.622,196.779,193.05,193.22,195.866,195.818,194.976,195.118,192.983,193.775,196.264,199.042,200.986
Citrus fruits(5),257.065,265.777,270.804,270.295,272.749,274.34,277.056,262.182,264.521,262.064,258.804,264.841,282.102
"Oranges, including tangerines(6)",507.122,523.17,531.219,526.359,539.263,534.924,534.781,498.265,500.42,506.582,499.958,511.736,557.225
Other fresh fruits(5),120.23,117.899,122.348,125.695,127.836,127.347,129.84,129.319,129.592,128.565,126.175,130.631,129.204
Fresh vegetables,346.708,341.596,342,346.821,345.861,347.717,350.994,348.078,351.478,354.997,356.304,356.216,355.005
Potatoes,373.105,379.522,370.735,383.342,376.421,368.778,374.309,371.01,374.623,383.702,382.501,372.772,390.901
Lettuce(4),364.916,350.892,344.154,341.387,340.343,337.942,339.031,344.304,340.784,348.185,353.471,378.033,377.197
Tomatoes,335.407,332.548,337.774,341.801,349.744,356.579,358.995,356.799,361.791,359.742,361.426,357.128,340.876
Other fresh vegetables,346.188,340.117,339.052,341.421,342.019,344.615,346.54,344.251,348.403,349.368,353.682,352.317,352.299
Processed fruits and vegetables(5),164.455,163.328,162.842,163.846,165.864,165.513,165,166.028,165.94,166.33,168.763,169.774,171.75
Canned fruits and vegetables(5),172.447,171.508,171.006,172.024,173.178,173.62,173.719,175.662,174.599,174.379,178.508,179.463,179.798
Canned fruits(5)(6),166.538,164.175,164.209,165.809,165.597,164.434,165.941,167.496,165.969,165.293,169.292,166.856,171.391
Canned vegetables(5)(6),183.986,184.191,182.808,182.311,184.462,186.221,184.964,187.667,187.496,187.223,193.337,195.234,193.271
Frozen fruits and vegetables(5),152.635,152.808,150.74,151.282,152.277,153.255,151.421,152.288,153.603,153.998,154.686,155.783,161.149
Frozen vegetables(6),209.07,207.391,205.006,205.214,206.641,207.383,205.32,206.09,207.659,206.639,208.623,209.533,215.81
Other processed fruits and vegetables including dried(5),160.455,158.675,158.66,161.259,162.226,161.248,160.388,159.434,159.427,162.594,162.42,164.244,165.325
"Dried beans, peas, and lentils(4)(5)(6)",191.08,189.956,189.961,195.309,197.753,196.76,195.842,196.909,196.396,199.745,197.269,203.39,206.556
Nonalcoholic beverages and beverage materials,178.849,178.991,178.812,178.372,178.937,178.013,179.662,180.917,182.732,184.862,186.279,186.627,188.1
Juices and nonalcoholic drinks(5),141.129,141.053,141.187,140.819,141.417,140.228,141.516,143.107,144.436,146.303,147.245,147.416,149.153
Carbonated drinks,182.241,183.626,182.79,182.029,181.098,178.787,181.949,184.522,186.552,189.714,190.823,193.486,195.749
Frozen noncarbonated juices and drinks(4)(5),179.249,179.217,180.148,176.851,179.899,180.464,180.279,180.284,177.113,179.914,183.574,182.845,182.284
Nonfrozen noncarbonated juices and drinks(5),126.256,125.455,125.864,125.849,127.048,126.253,126.915,128.162,129.103,130.125,131.022,130.688,131.929
Beverage materials including coffee and tea(5),118.737,118.849,118.456,118.404,118.496,118.839,120.069,119.53,120.93,121.968,123.387,123.589,123.345
Coffee,195.221,196.783,196.093,194.755,195.533,196.516,196.448,195.322,198.022,201.813,205.157,207.481,207.441
Roasted coffee(6),204.032,204.956,205.134,204.252,203.949,206.534,205.487,204.767,207.19,211.063,215.55,217.519,218.17
Instant coffee(4)(6),187.177,186.071,183.787,186.516,190.297,184.858,189.39,184.589,189.495,192.446,191.71,191.804,192.777
Other beverage materials including tea(4)(5),134.04,133.823,133.531,134.073,133.933,133.502,135.956,136.74,137.734,136.086,136.396,134.459,133.585
Other food at home,219.406,218.794,218.961,218.992,219.251,219.304,219.689,221.439,222.765,225.321,228.01,230.356,231.736
Sugar and sweets(4),230.721,232.56,231.515,232.477,232.004,233.269,232.923,233.429,234.13,234.881,235.383,238.492,241.25
Sugar and sugar substitutes,210.599,205.431,207.194,207.734,207.939,206.808,206.64,207.285,206.808,206.946,215.352,216.702,218.918
Candy and chewing gum(4)(5),157.659,159.009,157.5,158.202,157.38,158.622,158.704,158.332,159.018,159.102,158.966,161.318,164.704
Other sweets(5),158.414,155.511,156.263,157.177,157.492,159.164,157.128,160.11,161.858,162.927,162.716,167.845,166.84
Fats and oils,230.661,231.602,232.621,231.738,234.446,236.394,236.914,239.742,243.104,246.079,246.94,250.577,250.958
Butter and margarine(5),207.848,205.245,209.694,208.792,208.085,211.563,210.496,210.788,211.92,210.242,212.481,211.416,214.394
Butter(6),245.95,243.859,249.045,247.046,248.875,252.037,251.44,248.981,249.234,245.002,249.975,248.44,247.905
Margarine(6),310.295,302.048,310.419,307.651,308.837,315.904,313.527,315.148,323.652,320.686,321.335,319.116,331.23
Salad dressing(5),132.43,133.37,131.682,131.061,132.945,134.848,135.885,136.879,142.313,141.222,140.767,142.95,142.979
Other fats and oils including peanut butter(5),159.908,161.428,161.785,161.446,163.919,163.801,164.68,168.287,169.42,175.756,176.225,180.246,180.427
Peanut butter(4)(5)(6),169.015,,,,,166.882,167.359,167.774,163.036,167.854,173.364,174.905,175.392
Other foods,234.48,233.139,233.418,233.415,233.473,233.03,233.563,235.534,236.791,239.837,243.425,245.644,247.034
Soups,260.919,253.031,253.585,255.055,253.59,251.751,251.786,252.725,257.424,261.976,267.469,267.104,267.577
Frozen and freeze dried prepared foods,174.319,173.039,172.492,172.69,171.674,171.797,172.717,175.34,177.354,179.562,180.867,183.812,184.047
Snacks(4),260.072,255.377,259.836,261.342,262.018,257.55,260.318,260.017,261.638,265.007,270.643,275.042,274.765
"Spices, seasonings, condiments, sauces",251.698,250.597,252.382,249.52,252.783,253.144,250.29,252.2,251.639,254.172,258.435,263.69,264.992
Salt and other seasonings and spices(5)(6),162.918,159.799,159.819,159.767,161.016,161.237,159.354,160.501,159.764,161.935,164.934,170.086,170.802
"Olives, pickles, relishes(4)(5)(6)",149.458,148.693,151.37,151.107,150.634,147.522,147.929,148.166,149.415,151.029,153.532,156.702,157.966
Sauces and gravies(5)(6),144.3,145.447,146.694,143.396,145.328,145.615,143.964,146.31,145.209,146.901,149.231,150.783,150.903
Other condiments(6),281.649,282.684,284.277,280.811,283.342,285.289,278.213,277.174,285.427,284.705,293.273,301.246,304.446
Baby food(4)(5),172.418,172.794,172.967,172.045,173.891,173.949,174.247,176.483,176.722,180.697,185.45,186.108,185.99
Other miscellaneous foods(5),137.375,138.931,138.184,138.161,137.369,137.56,138.279,140.029,140.329,142.224,144.317,144.191,144.747
Prepared salads(7)(6),131.006,131.983,132.144,129.87,131.562,134.116,130.881,136.22,133.382,138.924,138.526,140.105,139.027
Food away from home(4),299.369,300.382,300.54,300.897,301.819,303.481,305.634,308.023,309.336,310.996,313.592,315.481,317.372
Full service meals and snacks(4)(5),184.314,184.776,185.256,185.703,186.076,187.156,188.743,189.862,191.071,192.203,194.003,194.875,196.449
Limited service meals and snacks(4)(5),195.12,196.386,197.076,198.042,198.99,199.889,201.006,203.027,204.59,205.893,207.453,209.483,210.803
Food at employee sites and schools(4)(5),165.308,157.583,138.337,119.919,119.129,120.565,121.058,121.861,101.164,94.728,96.402,91.11,83.876
Food at elementary and secondary schools(4)(8)(6),130.562,118.831,102.565,85.872,85.045,86.087,,,70.033,62.755,58.952,54.044,47.349
Food from vending machines and mobile vendors(4)(5),170.634,173.716,173.686,173.996,173.986,175.993,180.016,180.591,181.585,181.086,181.046,181.475,178.831
Other food away from home(4)(5),201.855,201.915,202.261,202.67,202.9,204.899,204.966,206.824,207.31,210.067,210.568,210.521,211.71
Energy,203.716,210.822,218.946,229.886,229.658,229.63,232.995,236.796,241.474,244.565,256.227,265.117,264.08
Energy commodities,208.471,223.59,238.325,259.472,255.94,254.477,260.985,267.06,274.182,277.776,295.035,312.429,310.587
Fuel oil and other fuels,242.207,252.827,280.892,290.775,284.29,290.476,298.968,300.689,302.25,311.628,340.883,345.93,334.203
Fuel oil(4),231.044,243.588,267.613,276.1,267.262,272.99,280.786,282.484,276.557,287.325,322.736,333.899,325.879
"Propane, kerosene, and firewood(9)",325.067,347.158,372.337,370.352,364.678,366.712,377.056,386.466,391.753,406.601,431.859,432.211,434.848
Motor fuel,205.038,220.182,234.243,255.621,252.241,250.491,256.855,263.041,270.311,273.64,290.252,307.957,306.524
Gasoline (all types),204.217,219.338,233.399,254.642,251.181,249.37,255.652,261.881,269.156,272.52,289.131,306.889,305.483
"Gasoline, unleaded regular(6)",198.537,212.597,227.822,249.629,246.504,245.594,250.901,257.033,264.2,267.132,284.581,301.443,299.483
"Gasoline, unleaded midgrade(10)(6)",227.286,239.762,252.087,273.174,271.797,271.005,276.9,283.905,291.331,292.88,309.341,327.547,328.534
"Gasoline, unleaded premium(6)",223.644,234.958,246.172,269.118,266.042,265.634,270.295,276.899,284.857,287.661,300.136,315.691,317.396
Other motor fuels(4)(5),184.103,192.812,203.109,224.236,228.499,232.801,238.688,243.157,245.219,246.59,259.72,270.088,267.792
Energy services,208.668,208.093,209.986,211.231,214.3,215.707,216.086,217.79,220.244,222.98,229.596,230.397,230.118
Electricity,217.774,217.238,218.812,218.905,221.504,222.259,221.631,222.412,224.559,226.341,230.403,231.012,231.59
Utility (piped) gas service,178.349,177.674,180.449,184.986,189.347,192.603,195.878,200.207,203.497,208.924,222.764,224.106,221.364
All items less food and energy,269.94,270.025,270.299,271.214,273.7,275.718,278.14,279.054,279.338,280.017,281.695,283.201,284.759
Commodities less food and energy commodities,146.298,146.504,146.203,146.321,149.239,151.958,155.239,155.986,156.488,156.876,158.511,159.993,161.983
Household furnishings and supplies(11),93.305,92.803,92.706,93.041,93.91,94.795,94.924,94.991,96.172,97.413,98.224,98.896,100.191
Window and floor coverings and other linens(4)(5),54.127,55.777,56.058,55.862,56.234,56.516,57.548,56.752,58.079,60.319,59.744,58.597,58.849
Floor coverings(4)(5),110.208,110.759,111.802,110.96,110.77,113.723,117.014,118.122,114.952,116.042,116.608,120.196,117.741
Window coverings(4)(5),63.979,63.32,62.571,61.922,61.62,63.258,62.372,62.236,72.954,70.482,71.747,71.678,72.261
Other linens(4)(5),40.055,42.321,42.718,42.74,43.334,42.875,43.966,42.778,42.438,45.842,44.691,42.651,43.211
Furniture and bedding(4),115.696,115.163,115.123,117.165,119.675,121.954,122.793,122.111,124.877,127.817,128.263,129.017,131.628
Bedroom furniture(4),129.718,128.341,126.493,128.411,130.64,132.865,135.015,137.127,138.427,140.44,142.313,142.289,143.227
"Living room, kitchen, and dining room furniture(4)(5)",89.432,89.424,89.647,91.781,94.389,96.37,96.644,94.781,98.347,101.761,100.898,101.809,104.925
Other furniture(5),74.023,72.737,74.476,74.372,74.692,76.696,76.481,76.625,77.912,78.207,79.809,80.593,81.751
Appliances(5),82.181,81.306,82.811,83.74,83.051,83.682,83.768,84.104,85.336,86.334,86.213,86.203,87.132
Major appliances(5),94.349,93.088,94.255,96.017,94.982,95.098,97.636,98.556,99.627,100.308,99.394,101.754,102.275
Laundry equipment(4)(6),103.948,109.401,109.057,114.876,115.967,115.088,119.139,118.116,115.021,116.612,114.162,112.672,116.541
Other appliances(4)(5),68.473,68.065,70.03,70.084,70.008,70.495,70.247,69.889,70.976,72.564,72.776,71.449,71.686
Other household equipment and furnishings(4)(5),50.1,51.23,51.874,51.773,51.828,51.86,51.467,51.014,50.923,51.327,51.919,52.268,52.752
"Clocks, lamps, and decorator items(4)",36.818,37.626,37.864,37.683,37.922,37.844,37.515,37.126,37.133,37.455,38.117,38.622,38.976
Indoor plants and flowers(12),136.546,140.448,140.636,140.924,139.422,139.318,139.112,139.14,141.142,139.066,140.814,143.649,143.681
Dishes and flatware(4)(5),45.292,46.638,47.311,47.794,47.268,46.977,47.863,46.74,44.596,45.901,45.133,44.815,45.398
Nonelectric cookware and tableware(4)(5),76.7,78.602,79.846,79.564,81.764,82.218,79.868,80.607,81.67,82.344,82.447,81.279,81.649
"Tools, hardware, outdoor equipment and supplies(5)",94.195,92.495,92.827,93.217,93.36,94.781,95.031,95.031,95.655,96.387,99.374,100.298,101
"Tools, hardware and supplies(4)(5)",100.602,100.718,101.634,103.275,102.811,103.052,104.002,104.046,106.166,107.238,106.507,106.478,106.869
Outdoor equipment and supplies(5),90.781,88.547,88.819,88.706,88.806,90.824,91.075,90.979,90.719,91.585,96.23,97.328,97.878
Housekeeping supplies(4),199.451,199.947,197.246,195.666,197.266,197.781,197.461,199.611,199.041,199.9,201.313,201.718,203.693
Household cleaning products(4)(5),128.018,128.551,127.847,125.942,126.442,126.961,125.977,127.031,128.008,127.449,128.109,128.168,130.231
Household paper products(4)(5),192.163,193.185,192.919,191.804,191.563,192.733,193.138,194.33,192.027,194.556,196.441,196.861,198.262
Miscellaneous household products(4)(5),120.091,119.91,116.109,115.927,118.273,118.071,118.388,120.436,119.454,120.384,121.26,121.706,122.272
Apparel,117.577,120.178,119.287,118.949,119.335,120.793,121.636,121.687,122.142,120.779,120.78,122.315,124.415
Men's and boys' apparel,112.257,113.875,111.353,114.189,115.898,115.138,115.304,116.054,117.275,116.751,116.224,119.73,121.053
Men's apparel,114.974,116.21,114.498,115.715,117.265,116.975,115.911,117.225,120.467,119.168,118.672,122.141,123.9
"Men's suits, sport coats, and outerwear",89.539,88.788,88.472,86.966,86.354,87.624,86.442,88.961,95.985,93.715,92.676,98.929,99.145
"Men's underwear, nightwear, swimwear, and accessories(4)",156.094,156.571,159.987,161.254,161.924,163.403,161.42,163.733,167.846,168.872,170.986,170.751,167.052
Men's shirts and sweaters(5),71.427,71.989,68.115,69.262,68.883,68.949,69.076,69.71,72.724,73.447,71.845,73.428,76.489
Men's pants and shorts,117.617,123.908,122.118,125.297,128.189,129.062,126.649,126.935,126.448,124.27,123.005,124.784,126.379
Boys' apparel,100.124,103.547,101.427,108.325,107.654,105.072,106.252,108.267,105.493,103.687,104.372,107.485,108.252
Women's and girls' apparel,98.845,101.871,102.18,99.396,98.559,100.702,101.956,102.279,101.798,99.103,99.842,100.98,103.198
Women's apparel,99.074,101.424,102.325,100.187,99.159,100.663,102.321,102.953,102.523,99.898,101.038,102.242,104.935
Women's outerwear,92.174,94.081,94.421,93.001,92.432,95.799,97.771,95.223,94.193,95.884,97.134,95.661,97.745
Women's dresses,98.823,97.517,92.787,94.971,96.358,97.453,102.349,108.018,104.646,103.322,103.656,105.303,106.731
Women's suits and separates(5),67.991,71.721,72.019,69.101,67.937,68.623,69.693,70.051,69.456,66.856,68.463,69.946,72.313
"Women's underwear, nightwear, swimwear, and accessories(5)",98.236,98.434,99.881,100.883,102.042,101.347,102.502,102.204,103.937,102.582,101.83,100.839,102.574
Girls' apparel,97.072,103.087,100.756,95.116,95.136,100.107,99.553,98.497,97.792,94.81,93.755,94.587,94.675
Footwear,133.993,135.934,135.653,135.742,136.46,138.415,138.9,137.725,138.701,139.452,138.978,139.905,141.999
Men's footwear(4),135.585,140.705,141.815,142.743,144.842,144.981,144.216,142.475,143.982,146.376,146.22,146.328,145.56
Boys' and girls' footwear,153.529,154.238,153.085,148.299,154.471,159.848,160,154.64,155.674,160.878,160.04,159.037,159.773
Women's footwear,122.27,121.355,121.981,122.575,121.346,123.341,123.643,125.447,126.913,125.565,125.368,126.882,129.357
Infants' and toddlers' apparel,110.54,111.044,108.815,106.596,109.943,110.89,113.207,113.378,114.084,115.05,116.312,116.428,115.653
Jewelry and watches(9),172.242,179.307,174.07,182.871,183.574,187.761,187.237,185.617,188.807,185.618,181.116,177.691,184.726
Watches(4)(9),146.158,146.565,146.121,149.586,153.38,151.157,153.739,152.476,151.745,148.287,147.534,145.114,150.074
Jewelry(9),167.507,177.61,169.516,179.234,181.42,187.032,184.435,183.103,187.565,184.954,181.247,176.117,182.315
Transportation commodities less motor fuel(11),109.781,109.09,108.703,108.95,113.665,118.166,124.807,126.064,126.042,126.447,128.796,131.038,133.834
New vehicles,149.385,148.611,148.587,148.55,149.267,151.693,154.68,157.34,159.267,161.33,163.517,165.367,166.982
New cars and trucks(5)(6),103.504,102.992,103.009,102.966,103.443,105.117,107.217,109.072,110.394,111.821,113.342,114.625,115.747
New cars(6),145.677,144.974,145.001,144.603,144.981,147.348,150.129,152.772,154.896,156.716,158.489,160.741,163.127
New trucks(13)(6),159.112,158.393,158.434,158.411,159.375,161.891,165.203,167.927,169.917,172.169,174.768,176.446,177.636
Used cars and trucks,153.107,151.743,150.37,151.197,166.374,178.505,197.227,197.66,194.622,193.255,198.092,203.064,210.208
Motor vehicle parts and equipment(4),148.363,149.198,149.324,149.147,150.454,151.777,152.863,154.484,157.12,158.454,160.727,162.524,165.122
Tires(4),125.806,127.029,127.274,126.044,127.971,129.326,130.529,131.545,134.259,135.377,137.005,138.803,141.422
Vehicle accessories other than tires(4)(5),179.729,179.466,179.277,181.733,181.294,182.318,182.937,185.785,187.794,189.444,192.939,194.438,196.557
Vehicle parts and equipment other than tires(4)(6),169.492,169.872,168.523,172.593,172.714,173.211,172.666,173.964,175.096,176.789,179.351,181.83,184.743
"Motor oil, coolant, and fluids(4)(6)",390.184,389.111,391.588,393.402,388.419,393.733,398.422,404.882,420.16,417.053,425.765,422.932,426.13
Medical care commodities(4),377.921,377.546,374.905,375.111,377.284,377.191,375.697,376.323,375.685,376.842,379.003,379.483,379.611
Medicinal drugs(11),124.528,123.736,122.873,122.908,123.926,123.61,123.325,123.382,122.606,123.518,124.416,124.68,124.789
Prescription drugs,526.977,524.166,520.575,520.495,523.154,521.344,520.486,519.983,517.978,521.96,525.149,526.626,526.985
Nonprescription drugs(4)(11),95.941,94.853,94.293,94.507,95.538,96.211,95.965,96.562,95.847,95.929,96.887,97.119,96.752
Medical equipment and supplies(4)(11),92.219,95.402,95.782,95.379,94.864,96.003,95.452,95.572,96.435,97.362,97.624,97.192,97.692
Recreation commodities(11),79.384,79.488,79.876,79.706,80.689,81.006,80.739,81.169,81.944,81.747,82.078,82.325,81.976
Video and audio products(11),36.962,36.72,36.614,36.596,37.167,37.116,37.272,37.397,37.846,37.667,37.448,37.411,36.933
Televisions,1.363,1.372,1.39,1.381,1.424,1.437,1.456,1.48,1.522,1.513,1.48,1.46,1.423
Other video equipment(5),9.84,10.056,9.873,9.8,9.875,9.869,9.832,9.642,9.9,9.993,9.733,9.903,9.715
Audio equipment(4),26.826,25.936,25.48,25.766,25.947,25.484,25.263,25.413,25.187,24.748,25.34,25.568,25.48
Recorded music and music subscriptions(4)(5),79.919,78.718,78.734,78.508,79.29,79.481,80.348,79.624,79.549,79.82,79.954,79.385,79.733
Pets and pet products(4),201.995,202.042,202.178,202.372,203.299,203.247,202.727,205.637,205.495,206.448,206.487,206.598,207.516
Pet food(4)(5)(6),155.04,154.958,155.237,155.473,155.767,155.278,155.513,156.406,156.024,156.843,157.035,157.431,158.73
"Purchase of pets, pet supplies, accessories(4)(5)(6)",115.05,115.225,115.241,115.238,116.174,116.309,115.017,118.585,118.987,118.912,118.61,118.64,118.946
Sporting goods(4),116.4,117.219,119.02,117.459,118.879,120.713,120.742,120.636,123.413,122.967,124.886,125.235,123.733
Sports vehicles including bicycles(4),159.73,160.236,163.468,161.139,163.224,167.891,168.646,167.529,172.229,171.661,174.922,176.251,172.14
Sports equipment(4),80.282,81.32,81.981,81.039,81.909,81.523,80.991,81.672,82.889,82.573,83.399,82.999,83.575
Photographic equipment and supplies,56.871,57.58,58.202,57.147,56.912,58.009,58.743,58.868,58.975,59.087,59.004,58.443,59.313
Photographic equipment(5)(6),23.811,24.284,24.322,24.039,23.903,24.427,24.817,24.815,24.857,24.83,24.686,24.524,24.676
Recreational reading materials(4),271.818,274.619,273.091,271.754,275.956,274.272,270.474,272.834,274.18,274.225,274.424,275.845,272.606
Newspapers and magazines(4)(5),201.633,205.939,205.781,205.993,209.125,206.494,203.258,205.213,206.99,206.844,208.246,208.25,206.266
Recreational books(4)(5),100.111,99.671,98.427,97.039,98.641,98.869,97.778,98.472,98.455,98.605,97.84,99.106,97.559
Other recreational goods(5),32.956,32.813,32.927,33.332,34.133,34.069,33.6,33.628,33.79,33.382,33.371,33.739,33.795
Toys,28.812,28.635,28.683,28.916,29.702,29.546,29.08,29.182,29.263,28.876,28.864,29.265,29.342
"Toys, games, hobbies and playground equipment(5)(6)",37.269,37.139,37.028,37.473,38.415,38.083,37.212,37.246,37.535,37.376,37.551,38.172,38.883
"Sewing machines, fabric and supplies(4)(5)",91.373,93.216,95.392,97.041,101.855,102.574,103.053,100.908,98.574,95.714,96.018,97.16,95.54
Music instruments and accessories(4)(5),102.637,101.921,102.352,106.129,105.651,107.266,106.141,105.834,108.771,108.86,108.802,108.179,108.658
Education and communication commodities(11),67.772,67.391,67.274,66.094,68.154,68.417,68.293,68.86,68.799,69.234,68.881,68.167,67.873
Educational books and supplies(4),686.054,684.568,693.357,677.099,686.521,691.128,691.804,695.36,687.667,685.005,685.851,682.911,683.632
College textbooks(4)(14)(6),235.545,235.084,238.366,232.958,235.133,236.375,236.796,238.535,235.954,235.282,235.351,233.29,233.45
Information technology commodities(11),47.894,47.578,47.302,46.552,48.229,48.378,48.253,48.696,48.79,49.234,48.899,48.311,48.031
"Computers, peripherals, and smart home assistants(4)(7)",38.315,38.316,38.204,37.453,39.358,39.611,39.662,40.135,40.184,40.649,40.31,39.78,39.401
Computer software and accessories(4)(5),26.59,26.28,26.186,26.635,26.131,26.386,25.908,25.782,25.982,25.083,25.902,25.54,25.68
"Telephone hardware, calculators, and other consumer information items(5)",12.713,12.324,12.108,12.004,11.898,11.748,11.57,11.578,11.62,11.726,11.615,11.54,11.628
Smartphones(4)(6)(15),81.222,81.345,79.91,76.841,75.802,75.43,75.152,75.203,75.063,73.503,70.892,70.334,69.789
Alcoholic beverages,260.01,259.851,259.518,260.334,260.819,261.75,262.934,263.727,264.64,265.057,264.605,264.693,266.038
Alcoholic beverages at home,210.861,210.795,210.352,210.774,210.713,211.842,212.813,213.287,214.44,214.322,213.377,213.569,213.398
"Beer, ale, and other malt beverages at home",239.124,238.823,239.602,240.933,238.435,240.857,243.696,244.302,245.163,245.911,243.347,242.606,243.86
Distilled spirits at home(4),197.618,199.253,200.616,200.344,200.91,201.658,201.967,202.202,202.678,203.872,204.511,203.829,203.708
Whiskey at home(4)(6),211.197,213.064,214.867,211.17,210.728,212.232,212.423,211.943,213.328,214.278,215.554,215.195,215.514
"Distilled spirits, excluding whiskey, at home(4)(6)",193.642,195.557,196.809,197.336,198.695,198.766,198.708,199.686,199.427,201.275,201.459,200.533,200.271
Wine at home,174.137,173.962,172.308,172.529,174.612,174.14,173.945,174.287,175.115,174.438,174.091,174.947,173.912
Alcoholic beverages away from home(4),367.636,367.968,368.156,369.031,370.416,370.685,372.805,373.331,375.285,376.7,377.016,377.515,381.344
"Beer, ale, and other malt beverages away from home(4)(5)(6)",179.773,179.841,179.983,181.164,181.963,182.063,182.013,182.58,183.623,184.141,184.245,185.178,186.741
Wine away from home(4)(5)(6),198.326,198.23,198.012,198.853,199.381,199.666,199.755,199.811,200.556,201.915,202.345,202.633,204.799
Distilled spirits away from home(4)(5)(6),204.314,204.712,204.856,204.175,204.538,204.621,207.886,207.504,207.652,208.337,208.311,207.454,209.591
Other goods(11),117.242,118.508,118.9,119.178,119.706,119.541,119.682,119.912,120.354,120.453,121.924,122.345,122.635
Tobacco and smoking products(4),1199.508,1220.942,1228.75,1236.352,1238.348,1240.082,1247.577,1253.276,1254.492,1263.542,1287.067,1298.746,1308.024
Cigarettes(4)(5),493.672,502.735,506.058,509.124,509.948,510.579,514.294,516.725,517.138,520.983,531.816,536.761,540.914
Tobacco products other than cigarettes(4)(5),289.385,293.502,295.071,297.424,297.791,298.916,297.604,298.569,299.304,300.878,300.842,302.958,303.512
Personal care products(4),158.846,159.785,160.214,159.962,160.308,159.678,159.296,159.111,159.966,159.755,160.038,159.359,159.06
"Hair, dental, shaving, and miscellaneous personal care products(4)(5)",102.763,103.209,103.459,103.394,103.675,103.926,103.538,104.221,104.098,103.769,104.304,104.136,104.129
"Cosmetics, perfume, bath, nail preparations and implements(4)",178.552,179.952,180.497,180.006,180.289,178.222,178.072,176.207,178.556,178.72,178.309,176.978,176.243
Miscellaneous personal goods(4)(5),74.749,75.182,74.866,75.15,76.739,76.633,76.484,76.792,77.297,76.373,78.449,79.323,79.416
"Stationery, stationery supplies, gift wrap(6)",157.9,159.668,158.524,159.1,159.525,159.266,160.388,161.718,163.831,163.736,166.835,170.053,172.078
Services less energy services,347.153,347.253,348.014,349.472,351.361,352.661,354.222,355.179,355.153,356.017,357.616,358.929,360.011
Shelter,328.21,328.483,329.028,330.019,331.339,332.315,333.945,335.381,335.921,337.274,338.813,340.516,341.944
Rent of shelter(16),342.347,342.63,343.229,344.212,345.588,346.672,348.384,349.949,350.519,352.025,353.547,355.274,356.683
Rent of primary residence,344.167,344.551,345.225,345.748,346.426,347.273,348.087,348.629,349.721,351.304,352.775,354.26,355.632
Lodging away from home(5),145.591,142.86,139.563,144.918,155.998,156.623,167.512,177.576,172.383,171.425,173.741,178.754,180.872
"Housing at school, excluding board(16)",580.359,581.05,582.665,583.697,584.813,585.921,587.197,588.777,589.693,589.212,589.587,589.851,590.737
Other lodging away from home including hotels and motels,291.142,284.804,277.093,289.342,314.759,316.113,341.078,364.121,352.1,349.932,355.234,366.752,371.558
Owners' equivalent rent of residences(16),337.47,337.945,338.847,339.629,340.326,341.389,342.495,343.486,344.358,345.835,347.359,348.88,350.273
Owners' equivalent rent of primary residence(16),337.499,337.974,338.873,339.654,340.344,341.409,342.511,343.5,344.373,345.85,347.375,348.893,350.28
Tenants' and household insurance(4)(5),151.786,152.493,150.665,150.46,150.559,150.423,150.608,150.71,150.428,150.92,150.535,150.113,150.408
Water and sewer and trash collection services(5),256.572,257.483,258.557,259.055,259.35,259.639,260.644,261.855,262.657,263.862,264.496,264.557,265.485
Water and sewerage maintenance,594.538,595.481,596.933,597.98,598.884,600.711,603.567,605.697,606.853,608.303,610.231,610.879,612.324
Garbage and trash collection(4)(13),508.19,512.722,517.27,518.505,518.579,516.44,517.202,521.185,524.408,529.934,530.114,529.053,532.538
Household operations(4)(5),205.655,207.123,207.736,207.952,209.136,215.682,213.658,214.057,215.646,215.125,216.24,218.692,
Domestic services(4)(5),180.933,183.296,183.766,184.038,185.429,197.341,191.889,193.025,194.844,190.314,190.481,193.307,197.967
Gardening and lawncare services(4)(5),,,,,219.432,220.122,219.289,219.289,220.304,224.575,227.047,227.489,
"Moving, storage, freight expense(4)(5)",180.942,184.576,185.829,183.084,186.531,196.825,200.81,198.539,201.935,200.298,195.817,195.479,197.638
Repair of household items(4)(5),,272.086,274.327,275.549,282.25,282.589,,,,,,,
Medical care services,565.389,568.141,570.751,571.597,571.336,570.827,570.601,572.215,574.132,573.574,576.363,577.821,579.773
Professional services,392.93,396.589,400.698,401.373,400.374,400.53,400.458,402.048,403.751,403.037,403.58,404.872,405.852
Physicians' services(4),391.807,397.892,405.897,407.048,405.869,405.744,406.812,408.445,408.49,407.266,407.391,408.843,408.644
Dental services,517.983,518.073,519.966,517.443,518.578,518.66,517.679,520.436,527.086,527.073,527.398,528.265,529.498
Eyeglasses and eye care(4)(9),192.93,192.378,193.394,193.179,193.166,194.638,192.457,192.923,194.621,194.574,194.892,195.256,196.341
Services by other medical professionals(4)(9),243.32,247.153,246.671,247.069,247.246,247.784,247.745,247.804,247.804,248.614,248.614,248.614,250.259
Hospital and related services,932.196,934.79,934.367,939.958,942.737,944.217,946.375,951.264,958.432,959.733,964.093,961.683,962.639
Hospital services(17),356.893,357.842,357.601,359.849,360.511,361.097,361.88,363.854,366.952,367.345,369.014,367.983,368.568
Inpatient hospital services(17)(6),345.145,345.431,346.228,347.95,349.103,349.195,349.356,351.567,355.581,355.75,357.542,356.724,357.373
Outpatient hospital services(9)(6),778.812,781.034,780.025,785.632,783.866,786.854,790.354,792.394,796.077,797.64,800.324,797.221,797.462
Nursing homes and adult day services(17),245.11,245.145,246.301,247.392,248.533,248.646,249.395,250.254,249.973,251.388,252.479,252.471,253.406
Care of invalids and elderly at home(4)(8),133.861,134.678,134.684,135.085,139.128,139.297,140.041,139.893,139.925,140.411,140.678,140.494,137.745
Health insurance(4)(8),177.311,177.079,176.39,175.082,173.396,171.6,169.9,168.868,167.834,166.229,169.54,172.437,175.263
Transportation services,312.635,311.641,311.384,316.856,325.99,330.974,335.911,332.262,324.667,323.146,324.288,326.537,325.632
Leased cars and trucks(4)(14),,82.018,,,,,,,,,,,
Car and truck rental(5),139.275,137.774,147.941,165.323,192.096,215.337,226.487,216.016,197.697,191.882,197.86,200.019,189.426
Motor vehicle maintenance and repair(4),309.888,310.662,311.627,314.66,315.177,314.164,315.209,318.031,320.504,320.446,325.095,325.076,324.688
Motor vehicle body work(4),327.931,329.361,331.32,333.865,336.014,337.399,341.753,342.214,347.305,347.886,351.035,354.548,362.832
Motor vehicle maintenance and servicing(4),280.533,280.494,281.643,283.593,284.623,284.487,285.505,286.585,287.834,289.802,294.186,293.133,294.56
Motor vehicle repair(4)(5),189.525,190.854,191.095,193.984,193.512,191.667,191.865,195.676,198.203,195.587,198.456,199.387,196.086
Motor vehicle insurance,533.497,541.97,545.68,563.487,577.824,581.739,588.876,572.542,556.664,568.177,568.447,564.07,555.504
Motor vehicle fees(4)(5),195.481,196.997,197.841,197.156,197.187,197.634,197.585,198.421,198.251,198.675,198.275,198.874,199.162
State motor vehicle registration and license fees(4)(5),185.678,186.013,186.228,186.169,186.164,186.128,186.065,186.281,186.571,186.551,186.569,186.236,186.236
Parking and other fees(4)(5),211.789,214.896,216.585,215.09,215.16,216.253,216.216,217.872,217.108,218.099,217.141,218.992,219.658
Parking fees and tolls(5)(6),241.887,247.016,246.909,245.27,245.074,248.152,248.768,250.732,249.32,250.671,250.185,252.356,254.274
Public transportation,227.168,223.368,218.308,219.885,232.711,241.916,247.603,248.493,234.934,223.163,221.578,228.125,232.575
Airline fares,216.2,209.321,198.658,199.538,219.838,235.174,241.592,241.251,219.272,205.194,203.831,213.509,219.319
Other intercity transportation,159.695,160.769,162.036,162.672,163.252,166.55,167.513,164.156,164.21,161.466,158.516,160.032,159.52
Ship fare(4)(5)(6),63.244,63.907,64.389,64.786,65.486,66.06,66.43,66.232,66.476,64.886,62.715,63.212,63.456
Intracity transportation(4),309.029,309.54,317.766,321.568,327.319,325.914,330.963,333.603,329.094,322.801,321.476,324.752,327.564
Intracity mass transit(4)(11)(6),118.139,117.46,122.498,125.807,125.807,125.695,127.206,127.317,127.364,126.965,126.965,128.232,128.232
Recreation services(11),128.212,126.975,127.717,128.697,129.664,129.861,130.473,131.208,131.504,131.988,133.105,132.48,132.393
Video and audio services(11),134.3,133.801,134.61,135.086,135.505,135.979,137.443,138.216,138.553,139.127,139.078,138.727,137.824
Cable and satellite television service(13),509.947,507.78,510.085,512.406,515.025,516.788,522.863,525.688,526.392,528.996,528.615,527.789,524.419
"Video discs and other media, including rental of video(4)(5)",65.931,66.232,68.179,67.377,65.51,65.819,65.492,66.097,67.418,66.85,67.22,66.027,65.463
Video discs and other media(4)(5)(6),32.056,32.234,33.826,33.328,31.956,32.434,32.513,32.841,32.951,32.21,33.124,31.906,31.383
Rental of video discs and other media(4)(5)(6),137.522,139.211,139.028,138.819,138.812,138.818,138.896,137.077,139.141,140.137,140.102,140.395,139.684
Pet services including veterinary(5),266.538,270.347,271.232,271.587,272.499,274.11,274.365,273.308,274.148,274.89,276.046,277.249,281.605
Veterinarian services(5)(6),282.418,285.401,286.36,285.639,286.329,289.791,290.17,287.161,287.775,288.699,290.175,291.432,296.263
Photographers and photo processing(4)(5),120.926,121.776,124.256,123.61,123.257,123.379,122.753,123.984,123.208,123.267,123.495,126.589,124.677
Other recreation services(5),173.883,170.235,171.279,173.456,175.527,175.337,175.696,177.167,177.538,178.2,181.01,179.303,179.075
"Club membership for shopping clubs, fraternal, or other organizations, or participant sports fees(4)(5)",145.185,145.086,145.5,145.734,146.026,145.417,145.415,146.031,146.267,146.223,146.754,146.886,147.742
Admissions(4),388.75,367.426,372.105,381.683,394.708,396.158,394.897,400.229,401.483,405.305,418.1,408.902,405.863
"Admission to movies, theaters, and concerts(4)(5)(6)",189.497,189.962,191.18,193.267,193.202,192.026,193.83,197.176,195.903,195.781,196.023,197.515,198.719
Admission to sporting events(4)(5)(6),,186.073,195.263,204.443,225.058,228.351,223.214,226.134,229.099,229.47,248.438,236.622,233.036
Fees for lessons or instructions(4)(9),331.694,338.351,338.165,340.877,335.978,333.62,342.809,343.407,343.802,341.669,341.557,341.685,341.467
Education and communication services(11),114.684,114.707,114.864,114.893,115.037,115.315,115.448,115.607,115.861,116.29,116.54,116.575,116.677
"Tuition, other school fees, and childcare",781.19,781.586,782.617,781.866,783.396,786.046,787.799,789.467,789.986,793.205,794.755,796.543,797.553
College tuition and fees,877.82,877.726,879.144,880.09,880.845,882.018,883.632,884.285,885.281,890.037,890.262,892.327,893.37
Elementary and high school tuition and fees,899.16,901.263,903.488,906.289,908.171,915.99,919.254,922.323,919.54,915.323,916.349,918.93,919.844
Day care and preschool(12),314.837,314.854,315.179,312.767,313.953,315.665,316.377,318.06,317.947,320.291,321.841,322.715,323.366
Technical and business school tuition and fees(5),262.097,262.363,262.211,261.641,262.223,262.003,262.054,263.139,264.172,264.022,264.538,264.864,265.1
Postage and delivery services(5),206.186,206.762,205.758,206.459,207.232,207.905,208.749,209.564,210.565,210.949,219.846,220.576,220.214
Postage,325.036,325.841,323.856,324.743,325.945,326.991,328.036,329.108,330.393,331.657,346.799,347.927,347.037
Delivery services(5),326.286,328.28,330.896,334.292,335.677,336.903,341.228,344.74,349.404,343.121,345.516,346.903,349.666
Telephone services(4)(5),94.057,94.165,94.321,94.139,94.046,94.251,94.437,94.37,94.446,94.68,94.795,94.762,94.735
Wireless telephone services(4)(5),48.306,48.312,48.311,48.15,48.111,48.123,48.149,48.065,47.978,48.178,48.176,48.176,48.139
Land-line telephone services(4)(11),131.237,132.04,133.303,133.94,133.687,135.191,136.346,136.898,138.643,137.938,138.884,138.62,138.89
Internet services and electronic information providers(5),78.228,77.94,78.061,78.825,79.172,79.155,78.773,79.097,79.929,80.404,80.427,80.048,80.289
Other personal services(4)(11),129.959,129.591,130.199,131.356,131.385,131.212,131.445,132.998,133.586,133.739,134.432,134.592,135.594
Personal care services(4),290.861,293.012,293.726,294.98,294.971,293.245,293.908,300.262,301.932,300.838,299.962,300.653,302.994
Haircuts and other personal care services(4)(5),177.473,178.785,179.221,179.986,179.98,178.928,179.332,183.209,184.228,183.561,183.026,183.447,184.876
Miscellaneous personal services(4),457.446,452.841,455.705,461.258,461.446,462.325,462.991,465.255,466.928,469.066,474.208,474.401,477.817
Legal services(4)(9),369.112,369.417,371.052,371.083,371.157,371.157,371.157,371.157,371.13,377.635,384.455,380.812,382.358
Funeral expenses(4)(9),345.188,345.498,347.41,347.621,347.504,348.826,348.793,348.509,349.337,349.311,349.997,350.677,352.118
Laundry and dry cleaning services(4)(5),181.813,183.159,183.249,183.077,183.798,184.51,185.87,187.672,191.405,191.766,193.065,194.799,197.17
Apparel services other than laundry and dry cleaning(4)(5),209.372,209.546,209.114,209.867,210.288,210.758,211.478,211.975,210.415,212.044,214.124,214.179,220.154
Financial services(9),368.717,350.178,356.768,371.419,370.69,369.656,369.922,373.455,371.846,370.969,377.615,379.438,380.685
Checking account and other bank services(4)(5)(6),168.982,150.043,156.049,176.279,170.273,169.941,170.234,170.376,169.603,169.681,171.288,171.288,171.626
Tax return preparation and other accounting fees(4)(5)(6),260.387,261.103,262.726,263.432,,267.767,267.042,270.068,269.443,267.609,,272.817,
All items less food,260.117,260.858,261.864,263.706,265.904,267.704,270.182,271.353,272.045,272.941,275.532,277.709,279.004
All items less shelter,238.59,239.408,240.481,242.352,244.66,246.655,249.386,250.619,251.445,252.494,255.47,257.8,259.076
All items less food and shelter,230.457,231.408,232.62,234.841,237.433,239.601,242.459,243.516,244.276,244.972,248.034,250.425,251.663
"All items less food, shelter, and energy",237.645,237.631,237.764,238.632,241.704,244.247,247.061,247.697,247.846,248.171,249.908,251.301,252.915
"All items less food, shelter, energy, and used cars and trucks",242.419,242.542,242.824,243.682,245.484,247.02,248.185,248.831,249.299,249.79,251.187,252.196,253.227
All items less medical care,249.19,249.798,250.709,252.382,254.498,256.313,258.878,260.156,260.877,262.06,264.64,266.837,268.139
All items less energy,269.313,269.418,269.718,270.539,272.8,274.691,277.062,278.135,278.54,279.503,281.308,282.887,284.421
Commodities,187.623,188.968,189.99,191.751,193.772,195.86,199.179,200.675,201.848,203.061,206.165,209.033,210.644
"Commodities less food, energy, and used cars and trucks",145.711,146.155,146.016,146.027,147.099,148.401,149.356,150.153,151.192,151.847,153.002,153.96,155.177
Commodities less food,151.798,153.465,154.64,156.819,159.093,161.391,164.975,166.241,167.391,168.091,171.251,174.286,175.893
Commodities less food and beverages,148.174,149.88,151.089,153.293,155.602,157.925,161.554,162.826,163.976,164.681,167.919,171.017,172.623
Services,334.499,334.545,335.394,336.828,338.805,340.108,341.567,342.581,342.755,343.766,345.764,347.031,347.998
Services less rent of shelter(16),351.27,350.854,351.932,353.897,357.563,359.352,360.321,360.644,360.783,361.228,363.436,364.157,364.675
Services less medical care services,316.991,316.65,317.444,318.826,321.354,322.845,324.318,325.287,325.476,326.508,328.285,329.303,330.318
Durables,108.108,107.597,107.638,108.13,111.94,115.352,119.422,120.19,119.936,120.399,122.111,124.007,126.234
Nondurables,228.145,229.763,232.267,235.239,234.593,235.94,238.933,240.848,242.144,243.179,246.398,249.119,251.382
Nondurables less food,191.588,195.26,198.967,204.841,203.624,204.575,207.398,209.055,210.742,210.975,214.96,218.491,219.716
Nondurables less food and beverages,187.236,191.172,195.142,201.372,200.093,201.083,203.997,205.696,207.413,207.622,211.908,215.651,216.862
"Nondurables less food, beverages, and apparel",234.818,239.644,246.834,257.951,254.704,255.059,260.019,262.719,264.787,266.153,273.019,277.76,279.286
Nondurables less food and apparel,236.157,240.438,246.895,256.917,254.017,254.367,258.926,261.465,263.448,264.727,270.842,275.126,276.643
Housing,274.328,274.422,275.087,276.031,277.449,278.666,279.79,280.943,281.957,283.505,285.56,287.036,288.285
Education and communication(5),141.457,141.425,141.586,141.438,141.92,142.277,142.41,142.679,142.959,143.517,143.748,143.678,143.749
Education(5),272.016,272.127,272.599,272.115,272.763,273.718,274.317,274.927,274.991,276.034,276.566,277.124,277.473
Communication(5),75.316,75.26,75.309,75.275,75.593,75.724,75.719,75.841,76.096,76.4,76.503,76.312,76.303
Information and information processing(5),71.146,71.085,71.144,71.103,71.405,71.525,71.511,71.622,71.859,72.151,72.157,71.963,71.958
"Information technology, hardware and services(18)",7.28,7.247,7.242,7.256,7.357,7.363,7.332,7.374,7.432,7.483,7.468,7.417,7.419
Recreation(5),122.843,122.124,122.797,123.32,124.452,124.745,124.985,125.676,126.277,126.474,127.351,127.092,126.85
Video and audio(5),108.465,108.007,108.491,108.798,109.372,109.661,110.715,111.295,111.751,112.04,111.894,111.642,110.794
"Pets, pet products and services(5)",181.253,182.493,182.841,183.047,183.779,184.269,184.104,185.149,185.35,186.041,186.429,186.866,188.696
Photography(5),75.415,76.101,77.388,76.614,76.359,76.95,77.069,77.613,77.373,77.453,77.498,78.407,78.096
Food and beverages,270.015,270.212,270.604,270.946,271.933,273.122,275.183,277.091,278.177,280.608,282.952,284.835,286.255
Domestically produced farm food(4),259.404,259.851,260.634,261.273,263.207,264.29,266.106,267.797,268.392,271.322,274.278,275.508,276.523
Other services,370.98,369.717,370.927,372.362,373.524,374.118,375.014,376.605,377.56,378.817,380.573,380.115,380.619
Apparel less footwear,109.43,112.112,111.096,110.659,110.948,112.23,113.136,113.499,113.805,111.947,112.07,113.709,115.741
Fuels and utilities,248.655,248.734,251.533,253.041,255.523,256.998,257.845,259.652,261.995,264.933,271.7,272.565,272.167
Household energy,203.537,203.381,206.154,207.67,210.304,211.839,212.498,214.151,216.498,219.389,226.615,227.545,226.864
Medical care,519.664,521.652,522.978,523.668,524.002,523.594,523.058,524.431,525.724,525.585,528.221,529.44,530.946
Transportation,206.118,208.289,210.676,216.332,221.826,226.538,234.727,236.252,235.997,236.677,242.283,248.256,250.232
Private transportation,203.789,206.381,209.293,215.22,220.165,224.535,232.872,234.437,235.138,236.709,242.809,248.718,250.508
New and used motor vehicles(5),103.856,102.804,102.512,103.029,107.795,112.157,118.471,119.145,118.773,119.078,121.251,123.411,125.672
Utilities and public transportation,222.229,221.426,222.092,222.906,225.941,228.076,228.888,229.44,228.88,228.943,231.755,232.711,233.226
Household furnishings and operations,127.991,127.593,127.536,128.044,129.169,130.884,130.704,130.719,132.368,133.728,134.862,135.954,137.458
Other goods and services,466.332,467.995,469.886,472.607,473.649,473.011,473.718,477.103,479.048,479.525,483.592,484.683,487.131
Personal care(4),239.497,239.535,240.366,241.735,242.303,241.814,241.907,243.789,244.968,244.84,246.307,246.445,247.561
