Unique_ID,SKU_ID,Warehouse,Product_Family,Demand,Year,Month,Weeks in Month
11395072,1395072,W_B,PF_1,17631,2022,1,4
11039394,1039394,W_C,PF_2,15438,2022,1,4
11975221,1975221,W_A,PF_3,12725,2022,1,4
11396615,1396615,W_B,PF_4,38768,2022,1,4
11026987,1026987,W_C,PF_0,44662,2022,1,4
11885799,1885799,W_A,PF_1,37943,2022,1,4
11844486,1844486,W_B,PF_2,26850,2022,1,4
11633773,1633773,W_C,PF_3,46241,2022,1,4
11280204,1280204,W_A,PF_4,49826,2022,1,4
11461444,1461444,W_B,PF_0,23768,2022,1,4
11118364,1118364,W_C,PF_1,35654,2022,1,4
11591858,1591858,W_A,PF_2,29293,2022,1,4
11136253,1136253,W_B,PF_3,16457,2022,1,4
11740258,1740258,W_C,PF_4,45191,2022,1,4
11321497,1321497,W_A,PF_0,33831,2022,1,4
11950549,1950549,W_B,PF_1,14407,2022,1,4
11493247,1493247,W_C,PF_2,48076,2022,1,4
11352561,1352561,W_A,PF_3,43982,2022,1,4
11705422,1705422,W_B,PF_4,10933,2022,1,4
11022712,1022712,W_C,PF_0,23761,2022,1,4
11633085,1633085,W_A,PF_1,18798,2022,1,4
11915675,1915675,W_B,PF_2,26482,2022,1,4
11759024,1759024,W_C,PF_3,27289,2022,1,4
11641168,1641168,W_A,PF_4,47710,2022,1,4
11841568,1841568,W_B,PF_0,34233,2022,1,4
11661410,1661410,W_C,PF_1,38408,2022,1,4
11710785,1710785,W_A,PF_2,32646,2022,1,4
11189716,1189716,W_B,PF_3,43421,2022,1,4
11202924,1202924,W_C,PF_4,29018,2022,1,4
11287424,1287424,W_A,PF_0,35063,2022,1,4
11578653,1578653,W_B,PF_1,49892,2022,1,4
11705332,1705332,W_C,PF_2,46053,2022,1,4
11803508,1803508,W_A,PF_3,36075,2022,1,4
11700607,1700607,W_B,PF_4,33553,2022,1,4
11256263,1256263,W_C,PF_0,45161,2022,1,4
11838070,1838070,W_A,PF_1,15533,2022,1,4
11834977,1834977,W_B,PF_2,34440,2022,1,4
11379146,1379146,W_C,PF_3,43811,2022,1,4
11248060,1248060,W_A,PF_4,31989,2022,1,4
11707025,1707025,W_B,PF_0,14508,2022,1,4
11879235,1879235,W_C,PF_1,31595,2022,1,4
11544930,1544930,W_A,PF_2,48753,2022,1,4
11726969,1726969,W_B,PF_3,43950,2022,1,4
11117440,1117440,W_C,PF_4,36430,2022,1,4
11004740,1004740,W_A,PF_0,21321,2022,1,4
11961719,1961719,W_B,PF_1,37230,2022,1,4
11825560,1825560,W_C,PF_2,23654,2022,1,4
11832552,1832552,W_A,PF_3,28234,2022,1,4
11090594,1090594,W_B,PF_4,47365,2022,1,4
11543938,1543938,W_C,PF_0,40319,2022,1,4
11421180,1421180,W_A,PF_1,43700,2022,1,4
11908273,1908273,W_B,PF_2,49634,2022,1,4
11559835,1559835,W_C,PF_3,16786,2022,1,4
11482803,1482803,W_A,PF_4,31435,2022,1,4
11771270,1771270,W_B,PF_0,40460,2022,1,4
11186743,1186743,W_C,PF_1,36142,2022,1,4
11010092,1010092,W_A,PF_2,37646,2022,1,4
11797094,1797094,W_B,PF_3,43153,2022,1,4
11526326,1526326,W_C,PF_4,25092,2022,1,4
11444898,1444898,W_A,PF_0,44695,2022,1,4
11987197,1987197,W_B,PF_1,18782,2022,1,4
11596820,1596820,W_C,PF_2,32635,2022,1,4
11245657,1245657,W_A,PF_3,39902,2022,1,4
11422920,1422920,W_B,PF_4,48762,2022,1,4
11709261,1709261,W_C,PF_0,29726,2022,1,4
11470217,1470217,W_A,PF_1,43925,2022,1,4
11943544,1943544,W_B,PF_2,32913,2022,1,4
11708464,1708464,W_C,PF_3,19717,2022,1,4
11166815,1166815,W_A,PF_4,29019,2022,1,4
11148598,1148598,W_B,PF_0,11536,2022,1,4
11542320,1542320,W_C,PF_1,34745,2022,1,4
11540951,1540951,W_A,PF_2,29443,2022,1,4
11338107,1338107,W_B,PF_3,21955,2022,1,4
11972232,1972232,W_C,PF_4,45584,2022,1,4
11747756,1747756,W_A,PF_0,47037,2022,1,4
11411516,1411516,W_B,PF_1,44709,2022,1,4
11361836,1361836,W_C,PF_2,36220,2022,1,4
11336891,1336891,W_A,PF_3,45322,2022,1,4
11814880,1814880,W_B,PF_4,30180,2022,1,4
11681215,1681215,W_C,PF_0,48479,2022,1,4
11217963,1217963,W_A,PF_1,38953,2022,1,4
11441235,1441235,W_B,PF_2,14506,2022,1,4
11251251,1251251,W_C,PF_3,33234,2022,1,4
11183992,1183992,W_A,PF_4,26801,2022,1,4
11725410,1725410,W_B,PF_0,17362,2022,1,4
11665271,1665271,W_C,PF_1,36629,2022,1,4
11104927,1104927,W_A,PF_2,30129,2022,1,4
11404240,1404240,W_B,PF_3,30513,2022,1,4
11658227,1658227,W_C,PF_4,20297,2022,1,4
11919447,1919447,W_A,PF_0,36624,2022,1,4
11602257,1602257,W_B,PF_1,21550,2022,1,4
11542470,1542470,W_C,PF_2,38252,2022,1,4
11172141,1172141,W_A,PF_3,28406,2022,1,4
11686011,1686011,W_B,PF_4,39653,2022,1,4
11760339,1760339,W_C,PF_0,30549,2022,1,4
11544715,1544715,W_A,PF_1,42807,2022,1,4
11715505,1715505,W_B,PF_2,12213,2022,1,4
11539334,1539334,W_C,PF_3,48503,2022,1,4
11803831,1803831,W_A,PF_4,48476,2022,1,4
11431913,1431913,W_B,PF_0,21688,2022,1,4
21395072,1395072,W_B,PF_1,31687,2022,2,4
21039394,1039394,W_C,PF_2,19333,2022,2,4
21975221,1975221,W_A,PF_3,31403,2022,2,4
21396615,1396615,W_B,PF_4,48274,2022,2,4
21026987,1026987,W_C,PF_0,17006,2022,2,4
21885799,1885799,W_A,PF_1,19630,2022,2,4
21844486,1844486,W_B,PF_2,30881,2022,2,4
21633773,1633773,W_C,PF_3,47465,2022,2,4
21280204,1280204,W_A,PF_4,16903,2022,2,4
21461444,1461444,W_B,PF_0,32642,2022,2,4
21118364,1118364,W_C,PF_1,25357,2022,2,4
21591858,1591858,W_A,PF_2,45920,2022,2,4
21136253,1136253,W_B,PF_3,48389,2022,2,4
21740258,1740258,W_C,PF_4,24909,2022,2,4
21321497,1321497,W_A,PF_0,16502,2022,2,4
21950549,1950549,W_B,PF_1,42043,2022,2,4
21493247,1493247,W_C,PF_2,25544,2022,2,4
21352561,1352561,W_A,PF_3,14087,2022,2,4
21705422,1705422,W_B,PF_4,31395,2022,2,4
21022712,1022712,W_C,PF_0,38970,2022,2,4
21633085,1633085,W_A,PF_1,15273,2022,2,4
21915675,1915675,W_B,PF_2,21774,2022,2,4
21759024,1759024,W_C,PF_3,22232,2022,2,4
21641168,1641168,W_A,PF_4,31751,2022,2,4
21841568,1841568,W_B,PF_0,25352,2022,2,4
21661410,1661410,W_C,PF_1,21554,2022,2,4
21710785,1710785,W_A,PF_2,33874,2022,2,4
21189716,1189716,W_B,PF_3,27833,2022,2,4
21202924,1202924,W_C,PF_4,49846,2022,2,4
21287424,1287424,W_A,PF_0,44835,2022,2,4
21578653,1578653,W_B,PF_1,35473,2022,2,4
21705332,1705332,W_C,PF_2,15654,2022,2,4
21803508,1803508,W_A,PF_3,41160,2022,2,4
21700607,1700607,W_B,PF_4,23576,2022,2,4
21256263,1256263,W_C,PF_0,39296,2022,2,4
21838070,1838070,W_A,PF_1,23013,2022,2,4
21834977,1834977,W_B,PF_2,19601,2022,2,4
21379146,1379146,W_C,PF_3,13308,2022,2,4
21248060,1248060,W_A,PF_4,41919,2022,2,4
21707025,1707025,W_B,PF_0,49505,2022,2,4
21879235,1879235,W_C,PF_1,34545,2022,2,4
21544930,1544930,W_A,PF_2,42061,2022,2,4
21726969,1726969,W_B,PF_3,32302,2022,2,4
21117440,1117440,W_C,PF_4,24984,2022,2,4
21004740,1004740,W_A,PF_0,43719,2022,2,4
21961719,1961719,W_B,PF_1,27520,2022,2,4
21825560,1825560,W_C,PF_2,43620,2022,2,4
21832552,1832552,W_A,PF_3,24879,2022,2,4
21090594,1090594,W_B,PF_4,24361,2022,2,4
21543938,1543938,W_C,PF_0,28881,2022,2,4
21421180,1421180,W_A,PF_1,20466,2022,2,4
21908273,1908273,W_B,PF_2,44340,2022,2,4
21559835,1559835,W_C,PF_3,31997,2022,2,4
21482803,1482803,W_A,PF_4,33746,2022,2,4
21771270,1771270,W_B,PF_0,31594,2022,2,4
21186743,1186743,W_C,PF_1,44422,2022,2,4
21010092,1010092,W_A,PF_2,48049,2022,2,4
21797094,1797094,W_B,PF_3,22892,2022,2,4
21526326,1526326,W_C,PF_4,44012,2022,2,4
21444898,1444898,W_A,PF_0,32020,2022,2,4
21987197,1987197,W_B,PF_1,42871,2022,2,4
21596820,1596820,W_C,PF_2,42080,2022,2,4
21245657,1245657,W_A,PF_3,22173,2022,2,4
21422920,1422920,W_B,PF_4,32268,2022,2,4
21709261,1709261,W_C,PF_0,30968,2022,2,4
21470217,1470217,W_A,PF_1,14676,2022,2,4
21943544,1943544,W_B,PF_2,48847,2022,2,4
21708464,1708464,W_C,PF_3,17943,2022,2,4
21166815,1166815,W_A,PF_4,42562,2022,2,4
21148598,1148598,W_B,PF_0,38556,2022,2,4
21542320,1542320,W_C,PF_1,16696,2022,2,4
21540951,1540951,W_A,PF_2,48078,2022,2,4
21338107,1338107,W_B,PF_3,14010,2022,2,4
21972232,1972232,W_C,PF_4,40652,2022,2,4
21747756,1747756,W_A,PF_0,42820,2022,2,4
21411516,1411516,W_B,PF_1,45793,2022,2,4
21361836,1361836,W_C,PF_2,31715,2022,2,4
21336891,1336891,W_A,PF_3,41569,2022,2,4
21814880,1814880,W_B,PF_4,16278,2022,2,4
21681215,1681215,W_C,PF_0,29646,2022,2,4
21217963,1217963,W_A,PF_1,38630,2022,2,4
21441235,1441235,W_B,PF_2,20967,2022,2,4
21251251,1251251,W_C,PF_3,28856,2022,2,4
21183992,1183992,W_A,PF_4,45538,2022,2,4
21725410,1725410,W_B,PF_0,44510,2022,2,4
21665271,1665271,W_C,PF_1,11526,2022,2,4
21104927,1104927,W_A,PF_2,40889,2022,2,4
21404240,1404240,W_B,PF_3,31987,2022,2,4
21658227,1658227,W_C,PF_4,13888,2022,2,4
21919447,1919447,W_A,PF_0,46995,2022,2,4
21602257,1602257,W_B,PF_1,49634,2022,2,4
21542470,1542470,W_C,PF_2,34262,2022,2,4
21172141,1172141,W_A,PF_3,21477,2022,2,4
21686011,1686011,W_B,PF_4,14674,2022,2,4
21760339,1760339,W_C,PF_0,34358,2022,2,4
21544715,1544715,W_A,PF_1,32888,2022,2,4
21715505,1715505,W_B,PF_2,38048,2022,2,4
21539334,1539334,W_C,PF_3,13616,2022,2,4
21803831,1803831,W_A,PF_4,32608,2022,2,4
21431913,1431913,W_B,PF_0,40233,2022,2,4
31395072,1395072,W_B,PF_1,41179,2022,3,5
31039394,1039394,W_C,PF_2,39986,2022,3,5
31975221,1975221,W_A,PF_3,45321,2022,3,5
31396615,1396615,W_B,PF_4,39234,2022,3,5
31026987,1026987,W_C,PF_0,41844,2022,3,5
31885799,1885799,W_A,PF_1,52272,2022,3,5
31844486,1844486,W_B,PF_2,51779,2022,3,5
31633773,1633773,W_C,PF_3,26538,2022,3,5
31280204,1280204,W_A,PF_4,30130,2022,3,5
31461444,1461444,W_B,PF_0,59953,2022,3,5
31118364,1118364,W_C,PF_1,52683,2022,3,5
31591858,1591858,W_A,PF_2,45639,2022,3,5
31136253,1136253,W_B,PF_3,26988,2022,3,5
31740258,1740258,W_C,PF_4,24601,2022,3,5
31321497,1321497,W_A,PF_0,24109,2022,3,5
31950549,1950549,W_B,PF_1,31744,2022,3,5
31493247,1493247,W_C,PF_2,22134,2022,3,5
31352561,1352561,W_A,PF_3,37504,2022,3,5
31705422,1705422,W_B,PF_4,26835,2022,3,5
31022712,1022712,W_C,PF_0,19180,2022,3,5
31633085,1633085,W_A,PF_1,23610,2022,3,5
31915675,1915675,W_B,PF_2,49164,2022,3,5
31759024,1759024,W_C,PF_3,45675,2022,3,5
31641168,1641168,W_A,PF_4,27304,2022,3,5
31841568,1841568,W_B,PF_0,26441,2022,3,5
31661410,1661410,W_C,PF_1,26081,2022,3,5
31710785,1710785,W_A,PF_2,15602,2022,3,5
31189716,1189716,W_B,PF_3,16340,2022,3,5
31202924,1202924,W_C,PF_4,55990,2022,3,5
31287424,1287424,W_A,PF_0,13459,2022,3,5
31578653,1578653,W_B,PF_1,32771,2022,3,5
31705332,1705332,W_C,PF_2,33589,2022,3,5
31803508,1803508,W_A,PF_3,37813,2022,3,5
31700607,1700607,W_B,PF_4,52482,2022,3,5
31256263,1256263,W_C,PF_0,22668,2022,3,5
31838070,1838070,W_A,PF_1,23225,2022,3,5
31834977,1834977,W_B,PF_2,59453,2022,3,5
31379146,1379146,W_C,PF_3,53643,2022,3,5
31248060,1248060,W_A,PF_4,61704,2022,3,5
31707025,1707025,W_B,PF_0,39658,2022,3,5
31879235,1879235,W_C,PF_1,45526,2022,3,5
31544930,1544930,W_A,PF_2,27038,2022,3,5
31726969,1726969,W_B,PF_3,60541,2022,3,5
31117440,1117440,W_C,PF_4,50986,2022,3,5
31004740,1004740,W_A,PF_0,45879,2022,3,5
31961719,1961719,W_B,PF_1,38222,2022,3,5
31825560,1825560,W_C,PF_2,16248,2022,3,5
31832552,1832552,W_A,PF_3,20188,2022,3,5
31090594,1090594,W_B,PF_4,15553,2022,3,5
31543938,1543938,W_C,PF_0,54175,2022,3,5
31421180,1421180,W_A,PF_1,58023,2022,3,5
31908273,1908273,W_B,PF_2,25999,2022,3,5
31559835,1559835,W_C,PF_3,13087,2022,3,5
31482803,1482803,W_A,PF_4,22418,2022,3,5
31771270,1771270,W_B,PF_0,15428,2022,3,5
31186743,1186743,W_C,PF_1,38586,2022,3,5
31010092,1010092,W_A,PF_2,53172,2022,3,5
31797094,1797094,W_B,PF_3,18139,2022,3,5
31526326,1526326,W_C,PF_4,40211,2022,3,5
31444898,1444898,W_A,PF_0,13438,2022,3,5
31987197,1987197,W_B,PF_1,55920,2022,3,5
31596820,1596820,W_C,PF_2,38619,2022,3,5
31245657,1245657,W_A,PF_3,16419,2022,3,5
31422920,1422920,W_B,PF_4,25466,2022,3,5
31709261,1709261,W_C,PF_0,40407,2022,3,5
31470217,1470217,W_A,PF_1,49467,2022,3,5
31943544,1943544,W_B,PF_2,45325,2022,3,5
31708464,1708464,W_C,PF_3,40368,2022,3,5
31166815,1166815,W_A,PF_4,53487,2022,3,5
31148598,1148598,W_B,PF_0,58224,2022,3,5
31542320,1542320,W_C,PF_1,19234,2022,3,5
31540951,1540951,W_A,PF_2,26047,2022,3,5
31338107,1338107,W_B,PF_3,54088,2022,3,5
31972232,1972232,W_C,PF_4,58850,2022,3,5
31747756,1747756,W_A,PF_0,39969,2022,3,5
31411516,1411516,W_B,PF_1,20096,2022,3,5
31361836,1361836,W_C,PF_2,61039,2022,3,5
31336891,1336891,W_A,PF_3,17524,2022,3,5
31814880,1814880,W_B,PF_4,19780,2022,3,5
31681215,1681215,W_C,PF_0,45085,2022,3,5
31217963,1217963,W_A,PF_1,58573,2022,3,5
31441235,1441235,W_B,PF_2,43783,2022,3,5
31251251,1251251,W_C,PF_3,22958,2022,3,5
31183992,1183992,W_A,PF_4,58444,2022,3,5
31725410,1725410,W_B,PF_0,44736,2022,3,5
31665271,1665271,W_C,PF_1,34542,2022,3,5
31104927,1104927,W_A,PF_2,44202,2022,3,5
31404240,1404240,W_B,PF_3,25628,2022,3,5
31658227,1658227,W_C,PF_4,51315,2022,3,5
31919447,1919447,W_A,PF_0,25350,2022,3,5
31602257,1602257,W_B,PF_1,19117,2022,3,5
31542470,1542470,W_C,PF_2,32286,2022,3,5
31172141,1172141,W_A,PF_3,51074,2022,3,5
31686011,1686011,W_B,PF_4,41200,2022,3,5
31760339,1760339,W_C,PF_0,53109,2022,3,5
31544715,1544715,W_A,PF_1,57336,2022,3,5
31715505,1715505,W_B,PF_2,53720,2022,3,5
31539334,1539334,W_C,PF_3,41076,2022,3,5
31803831,1803831,W_A,PF_4,22271,2022,3,5
31431913,1431913,W_B,PF_0,57639,2022,3,5
41395072,1395072,W_B,PF_1,31157,2022,4,4
41039394,1039394,W_C,PF_2,32805,2022,4,4
41975221,1975221,W_A,PF_3,47748,2022,4,4
41396615,1396615,W_B,PF_4,15024,2022,4,4
41026987,1026987,W_C,PF_0,23911,2022,4,4
41885799,1885799,W_A,PF_1,26002,2022,4,4
41844486,1844486,W_B,PF_2,16037,2022,4,4
41633773,1633773,W_C,PF_3,13374,2022,4,4
41280204,1280204,W_A,PF_4,40092,2022,4,4
41461444,1461444,W_B,PF_0,33302,2022,4,4
41118364,1118364,W_C,PF_1,17024,2022,4,4
41591858,1591858,W_A,PF_2,34511,2022,4,4
41136253,1136253,W_B,PF_3,37767,2022,4,4
41740258,1740258,W_C,PF_4,33907,2022,4,4
41321497,1321497,W_A,PF_0,37686,2022,4,4
41950549,1950549,W_B,PF_1,12411,2022,4,4
41493247,1493247,W_C,PF_2,26111,2022,4,4
41352561,1352561,W_A,PF_3,31500,2022,4,4
41705422,1705422,W_B,PF_4,16427,2022,4,4
41022712,1022712,W_C,PF_0,17883,2022,4,4
41633085,1633085,W_A,PF_1,46099,2022,4,4
41915675,1915675,W_B,PF_2,35495,2022,4,4
41759024,1759024,W_C,PF_3,19398,2022,4,4
41641168,1641168,W_A,PF_4,43066,2022,4,4
41841568,1841568,W_B,PF_0,26381,2022,4,4
41661410,1661410,W_C,PF_1,24707,2022,4,4
41710785,1710785,W_A,PF_2,21846,2022,4,4
41189716,1189716,W_B,PF_3,11152,2022,4,4
41202924,1202924,W_C,PF_4,27136,2022,4,4
41287424,1287424,W_A,PF_0,37413,2022,4,4
41578653,1578653,W_B,PF_1,18286,2022,4,4
41705332,1705332,W_C,PF_2,32410,2022,4,4
41803508,1803508,W_A,PF_3,28003,2022,4,4
41700607,1700607,W_B,PF_4,24276,2022,4,4
41256263,1256263,W_C,PF_0,16390,2022,4,4
41838070,1838070,W_A,PF_1,39242,2022,4,4
41834977,1834977,W_B,PF_2,23185,2022,4,4
41379146,1379146,W_C,PF_3,43513,2022,4,4
41248060,1248060,W_A,PF_4,39209,2022,4,4
41707025,1707025,W_B,PF_0,24644,2022,4,4
41879235,1879235,W_C,PF_1,41631,2022,4,4
41544930,1544930,W_A,PF_2,38665,2022,4,4
41726969,1726969,W_B,PF_3,30207,2022,4,4
41117440,1117440,W_C,PF_4,10730,2022,4,4
41004740,1004740,W_A,PF_0,39853,2022,4,4
41961719,1961719,W_B,PF_1,13726,2022,4,4
41825560,1825560,W_C,PF_2,39097,2022,4,4
41832552,1832552,W_A,PF_3,16312,2022,4,4
41090594,1090594,W_B,PF_4,34478,2022,4,4
41543938,1543938,W_C,PF_0,36064,2022,4,4
41421180,1421180,W_A,PF_1,27573,2022,4,4
41908273,1908273,W_B,PF_2,41656,2022,4,4
41559835,1559835,W_C,PF_3,26641,2022,4,4
41482803,1482803,W_A,PF_4,16283,2022,4,4
41771270,1771270,W_B,PF_0,17607,2022,4,4
41186743,1186743,W_C,PF_1,26976,2022,4,4
41010092,1010092,W_A,PF_2,33415,2022,4,4
41797094,1797094,W_B,PF_3,10711,2022,4,4
41526326,1526326,W_C,PF_4,27969,2022,4,4
41444898,1444898,W_A,PF_0,33760,2022,4,4
41987197,1987197,W_B,PF_1,43155,2022,4,4
41596820,1596820,W_C,PF_2,49310,2022,4,4
41245657,1245657,W_A,PF_3,20373,2022,4,4
41422920,1422920,W_B,PF_4,19439,2022,4,4
41709261,1709261,W_C,PF_0,28876,2022,4,4
41470217,1470217,W_A,PF_1,48455,2022,4,4
41943544,1943544,W_B,PF_2,17941,2022,4,4
41708464,1708464,W_C,PF_3,20437,2022,4,4
41166815,1166815,W_A,PF_4,21538,2022,4,4
41148598,1148598,W_B,PF_0,17270,2022,4,4
41542320,1542320,W_C,PF_1,14241,2022,4,4
41540951,1540951,W_A,PF_2,18742,2022,4,4
41338107,1338107,W_B,PF_3,45903,2022,4,4
41972232,1972232,W_C,PF_4,18055,2022,4,4
41747756,1747756,W_A,PF_0,17391,2022,4,4
41411516,1411516,W_B,PF_1,19527,2022,4,4
41361836,1361836,W_C,PF_2,29580,2022,4,4
41336891,1336891,W_A,PF_3,14755,2022,4,4
41814880,1814880,W_B,PF_4,34682,2022,4,4
41681215,1681215,W_C,PF_0,38816,2022,4,4
41217963,1217963,W_A,PF_1,37293,2022,4,4
41441235,1441235,W_B,PF_2,41386,2022,4,4
41251251,1251251,W_C,PF_3,20300,2022,4,4
41183992,1183992,W_A,PF_4,14966,2022,4,4
41725410,1725410,W_B,PF_0,43598,2022,4,4
41665271,1665271,W_C,PF_1,19729,2022,4,4
41104927,1104927,W_A,PF_2,31730,2022,4,4
41404240,1404240,W_B,PF_3,15329,2022,4,4
41658227,1658227,W_C,PF_4,17398,2022,4,4
41919447,1919447,W_A,PF_0,31696,2022,4,4
41602257,1602257,W_B,PF_1,12802,2022,4,4
41542470,1542470,W_C,PF_2,44348,2022,4,4
41172141,1172141,W_A,PF_3,45903,2022,4,4
41686011,1686011,W_B,PF_4,39229,2022,4,4
41760339,1760339,W_C,PF_0,46555,2022,4,4
41544715,1544715,W_A,PF_1,29198,2022,4,4
41715505,1715505,W_B,PF_2,39746,2022,4,4
41539334,1539334,W_C,PF_3,37906,2022,4,4
41803831,1803831,W_A,PF_4,30356,2022,4,4
41431913,1431913,W_B,PF_0,46006,2022,4,4
51395072,1395072,W_B,PF_1,22759,2022,5,4
51039394,1039394,W_C,PF_2,17610,2022,5,4
51975221,1975221,W_A,PF_3,27472,2022,5,4
51396615,1396615,W_B,PF_4,46526,2022,5,4
51026987,1026987,W_C,PF_0,23263,2022,5,4
51885799,1885799,W_A,PF_1,43996,2022,5,4
51844486,1844486,W_B,PF_2,10119,2022,5,4
51633773,1633773,W_C,PF_3,22708,2022,5,4
51280204,1280204,W_A,PF_4,36999,2022,5,4
51461444,1461444,W_B,PF_0,10233,2022,5,4
51118364,1118364,W_C,PF_1,49320,2022,5,4
51591858,1591858,W_A,PF_2,48251,2022,5,4
51136253,1136253,W_B,PF_3,26468,2022,5,4
51740258,1740258,W_C,PF_4,45436,2022,5,4
51321497,1321497,W_A,PF_0,45681,2022,5,4
51950549,1950549,W_B,PF_1,37806,2022,5,4
51493247,1493247,W_C,PF_2,49502,2022,5,4
51352561,1352561,W_A,PF_3,14933,2022,5,4
51705422,1705422,W_B,PF_4,20229,2022,5,4
51022712,1022712,W_C,PF_0,31522,2022,5,4
51633085,1633085,W_A,PF_1,22897,2022,5,4
51915675,1915675,W_B,PF_2,23141,2022,5,4
51759024,1759024,W_C,PF_3,37289,2022,5,4
51641168,1641168,W_A,PF_4,14200,2022,5,4
51841568,1841568,W_B,PF_0,47949,2022,5,4
51661410,1661410,W_C,PF_1,16016,2022,5,4
51710785,1710785,W_A,PF_2,31602,2022,5,4
51189716,1189716,W_B,PF_3,19276,2022,5,4
51202924,1202924,W_C,PF_4,18467,2022,5,4
51287424,1287424,W_A,PF_0,13664,2022,5,4
51578653,1578653,W_B,PF_1,43574,2022,5,4
51705332,1705332,W_C,PF_2,35918,2022,5,4
51803508,1803508,W_A,PF_3,28177,2022,5,4
51700607,1700607,W_B,PF_4,11142,2022,5,4
51256263,1256263,W_C,PF_0,26878,2022,5,4
51838070,1838070,W_A,PF_1,43937,2022,5,4
51834977,1834977,W_B,PF_2,32011,2022,5,4
51379146,1379146,W_C,PF_3,19130,2022,5,4
51248060,1248060,W_A,PF_4,26960,2022,5,4
51707025,1707025,W_B,PF_0,38515,2022,5,4
51879235,1879235,W_C,PF_1,40156,2022,5,4
51544930,1544930,W_A,PF_2,11327,2022,5,4
51726969,1726969,W_B,PF_3,20384,2022,5,4
51117440,1117440,W_C,PF_4,42971,2022,5,4
51004740,1004740,W_A,PF_0,32808,2022,5,4
51961719,1961719,W_B,PF_1,23491,2022,5,4
51825560,1825560,W_C,PF_2,48378,2022,5,4
51832552,1832552,W_A,PF_3,40087,2022,5,4
51090594,1090594,W_B,PF_4,47232,2022,5,4
51543938,1543938,W_C,PF_0,18235,2022,5,4
51421180,1421180,W_A,PF_1,18414,2022,5,4
51908273,1908273,W_B,PF_2,44827,2022,5,4
51559835,1559835,W_C,PF_3,38004,2022,5,4
51482803,1482803,W_A,PF_4,20108,2022,5,4
51771270,1771270,W_B,PF_0,26044,2022,5,4
51186743,1186743,W_C,PF_1,35646,2022,5,4
51010092,1010092,W_A,PF_2,21172,2022,5,4
51797094,1797094,W_B,PF_3,39992,2022,5,4
51526326,1526326,W_C,PF_4,43420,2022,5,4
51444898,1444898,W_A,PF_0,24983,2022,5,4
51987197,1987197,W_B,PF_1,46706,2022,5,4
51596820,1596820,W_C,PF_2,30309,2022,5,4
51245657,1245657,W_A,PF_3,33618,2022,5,4
51422920,1422920,W_B,PF_4,23331,2022,5,4
51709261,1709261,W_C,PF_0,39674,2022,5,4
51470217,1470217,W_A,PF_1,48051,2022,5,4
51943544,1943544,W_B,PF_2,41050,2022,5,4
51708464,1708464,W_C,PF_3,17925,2022,5,4
51166815,1166815,W_A,PF_4,44984,2022,5,4
51148598,1148598,W_B,PF_0,27072,2022,5,4
51542320,1542320,W_C,PF_1,16243,2022,5,4
51540951,1540951,W_A,PF_2,40315,2022,5,4
51338107,1338107,W_B,PF_3,21217,2022,5,4
51972232,1972232,W_C,PF_4,15322,2022,5,4
51747756,1747756,W_A,PF_0,35497,2022,5,4
51411516,1411516,W_B,PF_1,41623,2022,5,4
51361836,1361836,W_C,PF_2,30392,2022,5,4
51336891,1336891,W_A,PF_3,34773,2022,5,4
51814880,1814880,W_B,PF_4,19370,2022,5,4
51681215,1681215,W_C,PF_0,31982,2022,5,4
51217963,1217963,W_A,PF_1,11502,2022,5,4
51441235,1441235,W_B,PF_2,12386,2022,5,4
51251251,1251251,W_C,PF_3,11923,2022,5,4
51183992,1183992,W_A,PF_4,12362,2022,5,4
51725410,1725410,W_B,PF_0,37873,2022,5,4
51665271,1665271,W_C,PF_1,49786,2022,5,4
51104927,1104927,W_A,PF_2,10882,2022,5,4
51404240,1404240,W_B,PF_3,42870,2022,5,4
51658227,1658227,W_C,PF_4,25072,2022,5,4
51919447,1919447,W_A,PF_0,49667,2022,5,4
51602257,1602257,W_B,PF_1,34799,2022,5,4
51542470,1542470,W_C,PF_2,42914,2022,5,4
51172141,1172141,W_A,PF_3,12920,2022,5,4
51686011,1686011,W_B,PF_4,11079,2022,5,4
51760339,1760339,W_C,PF_0,49587,2022,5,4
51544715,1544715,W_A,PF_1,19721,2022,5,4
51715505,1715505,W_B,PF_2,42503,2022,5,4
51539334,1539334,W_C,PF_3,15796,2022,5,4
51803831,1803831,W_A,PF_4,22992,2022,5,4
51431913,1431913,W_B,PF_0,28028,2022,5,4
61395072,1395072,W_B,PF_1,41912,2022,6,5
61039394,1039394,W_C,PF_2,31477,2022,6,5
61975221,1975221,W_A,PF_3,32133,2022,6,5
61396615,1396615,W_B,PF_4,38509,2022,6,5
61026987,1026987,W_C,PF_0,43599,2022,6,5
61885799,1885799,W_A,PF_1,20528,2022,6,5
61844486,1844486,W_B,PF_2,33028,2022,6,5
61633773,1633773,W_C,PF_3,41022,2022,6,5
61280204,1280204,W_A,PF_4,58695,2022,6,5
61461444,1461444,W_B,PF_0,59876,2022,6,5
61118364,1118364,W_C,PF_1,44574,2022,6,5
61591858,1591858,W_A,PF_2,61214,2022,6,5
61136253,1136253,W_B,PF_3,45546,2022,6,5
61740258,1740258,W_C,PF_4,55631,2022,6,5
61321497,1321497,W_A,PF_0,15662,2022,6,5
61950549,1950549,W_B,PF_1,48879,2022,6,5
61493247,1493247,W_C,PF_2,58003,2022,6,5
61352561,1352561,W_A,PF_3,43630,2022,6,5
61705422,1705422,W_B,PF_4,23671,2022,6,5
61022712,1022712,W_C,PF_0,53900,2022,6,5
61633085,1633085,W_A,PF_1,30639,2022,6,5
61915675,1915675,W_B,PF_2,33021,2022,6,5
61759024,1759024,W_C,PF_3,46291,2022,6,5
61641168,1641168,W_A,PF_4,42818,2022,6,5
61841568,1841568,W_B,PF_0,37575,2022,6,5
61661410,1661410,W_C,PF_1,29095,2022,6,5
61710785,1710785,W_A,PF_2,43801,2022,6,5
61189716,1189716,W_B,PF_3,22715,2022,6,5
61202924,1202924,W_C,PF_4,38326,2022,6,5
61287424,1287424,W_A,PF_0,35654,2022,6,5
61578653,1578653,W_B,PF_1,35238,2022,6,5
61705332,1705332,W_C,PF_2,48172,2022,6,5
61803508,1803508,W_A,PF_3,58064,2022,6,5
61700607,1700607,W_B,PF_4,56982,2022,6,5
61256263,1256263,W_C,PF_0,42085,2022,6,5
61838070,1838070,W_A,PF_1,61555,2022,6,5
61834977,1834977,W_B,PF_2,49939,2022,6,5
61379146,1379146,W_C,PF_3,36099,2022,6,5
61248060,1248060,W_A,PF_4,18119,2022,6,5
61707025,1707025,W_B,PF_0,42340,2022,6,5
61879235,1879235,W_C,PF_1,20713,2022,6,5
61544930,1544930,W_A,PF_2,24216,2022,6,5
61726969,1726969,W_B,PF_3,62460,2022,6,5
61117440,1117440,W_C,PF_4,38559,2022,6,5
61004740,1004740,W_A,PF_0,18497,2022,6,5
61961719,1961719,W_B,PF_1,37383,2022,6,5
61825560,1825560,W_C,PF_2,31832,2022,6,5
61832552,1832552,W_A,PF_3,28002,2022,6,5
61090594,1090594,W_B,PF_4,49195,2022,6,5
61543938,1543938,W_C,PF_0,15361,2022,6,5
61421180,1421180,W_A,PF_1,55004,2022,6,5
61908273,1908273,W_B,PF_2,57424,2022,6,5
61559835,1559835,W_C,PF_3,38184,2022,6,5
61482803,1482803,W_A,PF_4,43416,2022,6,5
61771270,1771270,W_B,PF_0,27451,2022,6,5
61186743,1186743,W_C,PF_1,29705,2022,6,5
61010092,1010092,W_A,PF_2,52967,2022,6,5
61797094,1797094,W_B,PF_3,14585,2022,6,5
61526326,1526326,W_C,PF_4,20752,2022,6,5
61444898,1444898,W_A,PF_0,49427,2022,6,5
61987197,1987197,W_B,PF_1,14946,2022,6,5
61596820,1596820,W_C,PF_2,55962,2022,6,5
61245657,1245657,W_A,PF_3,35985,2022,6,5
61422920,1422920,W_B,PF_4,39463,2022,6,5
61709261,1709261,W_C,PF_0,48394,2022,6,5
61470217,1470217,W_A,PF_1,32363,2022,6,5
61943544,1943544,W_B,PF_2,32134,2022,6,5
61708464,1708464,W_C,PF_3,14639,2022,6,5
61166815,1166815,W_A,PF_4,32983,2022,6,5
61148598,1148598,W_B,PF_0,46179,2022,6,5
61542320,1542320,W_C,PF_1,43921,2022,6,5
61540951,1540951,W_A,PF_2,17259,2022,6,5
61338107,1338107,W_B,PF_3,41423,2022,6,5
61972232,1972232,W_C,PF_4,41419,2022,6,5
61747756,1747756,W_A,PF_0,36820,2022,6,5
61411516,1411516,W_B,PF_1,46167,2022,6,5
61361836,1361836,W_C,PF_2,40586,2022,6,5
61336891,1336891,W_A,PF_3,62487,2022,6,5
61814880,1814880,W_B,PF_4,45278,2022,6,5
61681215,1681215,W_C,PF_0,25322,2022,6,5
61217963,1217963,W_A,PF_1,45529,2022,6,5
61441235,1441235,W_B,PF_2,21575,2022,6,5
61251251,1251251,W_C,PF_3,53978,2022,6,5
61183992,1183992,W_A,PF_4,15373,2022,6,5
61725410,1725410,W_B,PF_0,51403,2022,6,5
61665271,1665271,W_C,PF_1,14210,2022,6,5
61104927,1104927,W_A,PF_2,53759,2022,6,5
61404240,1404240,W_B,PF_3,25164,2022,6,5
61658227,1658227,W_C,PF_4,30350,2022,6,5
61919447,1919447,W_A,PF_0,44877,2022,6,5
61602257,1602257,W_B,PF_1,61590,2022,6,5
61542470,1542470,W_C,PF_2,46037,2022,6,5
61172141,1172141,W_A,PF_3,40494,2022,6,5
61686011,1686011,W_B,PF_4,56775,2022,6,5
61760339,1760339,W_C,PF_0,30862,2022,6,5
61544715,1544715,W_A,PF_1,51991,2022,6,5
61715505,1715505,W_B,PF_2,45396,2022,6,5
61539334,1539334,W_C,PF_3,19638,2022,6,5
61803831,1803831,W_A,PF_4,37807,2022,6,5
61431913,1431913,W_B,PF_0,23215,2022,6,5
71395072,1395072,W_B,PF_1,48455,2022,7,4
71039394,1039394,W_C,PF_2,23211,2022,7,4
71975221,1975221,W_A,PF_3,45846,2022,7,4
71396615,1396615,W_B,PF_4,42489,2022,7,4
71026987,1026987,W_C,PF_0,42552,2022,7,4
71885799,1885799,W_A,PF_1,16068,2022,7,4
71844486,1844486,W_B,PF_2,22869,2022,7,4
71633773,1633773,W_C,PF_3,31522,2022,7,4
71280204,1280204,W_A,PF_4,36905,2022,7,4
71461444,1461444,W_B,PF_0,32599,2022,7,4
71118364,1118364,W_C,PF_1,45160,2022,7,4
71591858,1591858,W_A,PF_2,47939,2022,7,4
71136253,1136253,W_B,PF_3,35098,2022,7,4
71740258,1740258,W_C,PF_4,13022,2022,7,4
71321497,1321497,W_A,PF_0,32092,2022,7,4
71950549,1950549,W_B,PF_1,48492,2022,7,4
71493247,1493247,W_C,PF_2,48124,2022,7,4
71352561,1352561,W_A,PF_3,33292,2022,7,4
71705422,1705422,W_B,PF_4,48863,2022,7,4
71022712,1022712,W_C,PF_0,37438,2022,7,4
71633085,1633085,W_A,PF_1,25584,2022,7,4
71915675,1915675,W_B,PF_2,24546,2022,7,4
71759024,1759024,W_C,PF_3,28036,2022,7,4
71641168,1641168,W_A,PF_4,47485,2022,7,4
71841568,1841568,W_B,PF_0,36922,2022,7,4
71661410,1661410,W_C,PF_1,32480,2022,7,4
71710785,1710785,W_A,PF_2,30498,2022,7,4
71189716,1189716,W_B,PF_3,38247,2022,7,4
71202924,1202924,W_C,PF_4,27600,2022,7,4
71287424,1287424,W_A,PF_0,45184,2022,7,4
71578653,1578653,W_B,PF_1,29886,2022,7,4
71705332,1705332,W_C,PF_2,30091,2022,7,4
71803508,1803508,W_A,PF_3,30169,2022,7,4
71700607,1700607,W_B,PF_4,16921,2022,7,4
71256263,1256263,W_C,PF_0,28686,2022,7,4
71838070,1838070,W_A,PF_1,35049,2022,7,4
71834977,1834977,W_B,PF_2,43499,2022,7,4
71379146,1379146,W_C,PF_3,18842,2022,7,4
71248060,1248060,W_A,PF_4,10057,2022,7,4
71707025,1707025,W_B,PF_0,42228,2022,7,4
71879235,1879235,W_C,PF_1,18412,2022,7,4
71544930,1544930,W_A,PF_2,26263,2022,7,4
71726969,1726969,W_B,PF_3,14452,2022,7,4
71117440,1117440,W_C,PF_4,14257,2022,7,4
71004740,1004740,W_A,PF_0,36092,2022,7,4
71961719,1961719,W_B,PF_1,12585,2022,7,4
71825560,1825560,W_C,PF_2,29959,2022,7,4
71832552,1832552,W_A,PF_3,28008,2022,7,4
71090594,1090594,W_B,PF_4,11124,2022,7,4
71543938,1543938,W_C,PF_0,25684,2022,7,4
71421180,1421180,W_A,PF_1,17850,2022,7,4
71908273,1908273,W_B,PF_2,24741,2022,7,4
71559835,1559835,W_C,PF_3,15656,2022,7,4
71482803,1482803,W_A,PF_4,26993,2022,7,4
71771270,1771270,W_B,PF_0,17934,2022,7,4
71186743,1186743,W_C,PF_1,38295,2022,7,4
71010092,1010092,W_A,PF_2,28746,2022,7,4
71797094,1797094,W_B,PF_3,23494,2022,7,4
71526326,1526326,W_C,PF_4,22977,2022,7,4
71444898,1444898,W_A,PF_0,33294,2022,7,4
71987197,1987197,W_B,PF_1,38938,2022,7,4
71596820,1596820,W_C,PF_2,31352,2022,7,4
71245657,1245657,W_A,PF_3,43016,2022,7,4
71422920,1422920,W_B,PF_4,18642,2022,7,4
71709261,1709261,W_C,PF_0,36800,2022,7,4
71470217,1470217,W_A,PF_1,31051,2022,7,4
71943544,1943544,W_B,PF_2,41909,2022,7,4
71708464,1708464,W_C,PF_3,48607,2022,7,4
71166815,1166815,W_A,PF_4,31826,2022,7,4
71148598,1148598,W_B,PF_0,30530,2022,7,4
71542320,1542320,W_C,PF_1,35926,2022,7,4
71540951,1540951,W_A,PF_2,37601,2022,7,4
71338107,1338107,W_B,PF_3,33725,2022,7,4
71972232,1972232,W_C,PF_4,22231,2022,7,4
71747756,1747756,W_A,PF_0,23222,2022,7,4
71411516,1411516,W_B,PF_1,11950,2022,7,4
71361836,1361836,W_C,PF_2,17154,2022,7,4
71336891,1336891,W_A,PF_3,17374,2022,7,4
71814880,1814880,W_B,PF_4,31729,2022,7,4
71681215,1681215,W_C,PF_0,12791,2022,7,4
71217963,1217963,W_A,PF_1,11687,2022,7,4
71441235,1441235,W_B,PF_2,43608,2022,7,4
71251251,1251251,W_C,PF_3,19065,2022,7,4
71183992,1183992,W_A,PF_4,41612,2022,7,4
71725410,1725410,W_B,PF_0,19418,2022,7,4
71665271,1665271,W_C,PF_1,39013,2022,7,4
71104927,1104927,W_A,PF_2,18532,2022,7,4
71404240,1404240,W_B,PF_3,26924,2022,7,4
71658227,1658227,W_C,PF_4,15609,2022,7,4
71919447,1919447,W_A,PF_0,42489,2022,7,4
71602257,1602257,W_B,PF_1,37099,2022,7,4
71542470,1542470,W_C,PF_2,16661,2022,7,4
71172141,1172141,W_A,PF_3,17977,2022,7,4
71686011,1686011,W_B,PF_4,15232,2022,7,4
71760339,1760339,W_C,PF_0,31821,2022,7,4
71544715,1544715,W_A,PF_1,40254,2022,7,4
71715505,1715505,W_B,PF_2,30841,2022,7,4
71539334,1539334,W_C,PF_3,24029,2022,7,4
71803831,1803831,W_A,PF_4,36376,2022,7,4
71431913,1431913,W_B,PF_0,14718,2022,7,4
81395072,1395072,W_B,PF_1,12479,2022,8,4
81039394,1039394,W_C,PF_2,40856,2022,8,4
81975221,1975221,W_A,PF_3,21930,2022,8,4
81396615,1396615,W_B,PF_4,18773,2022,8,4
81026987,1026987,W_C,PF_0,17576,2022,8,4
81885799,1885799,W_A,PF_1,20171,2022,8,4
81844486,1844486,W_B,PF_2,40887,2022,8,4
81633773,1633773,W_C,PF_3,28811,2022,8,4
81280204,1280204,W_A,PF_4,24076,2022,8,4
81461444,1461444,W_B,PF_0,13600,2022,8,4
81118364,1118364,W_C,PF_1,32868,2022,8,4
81591858,1591858,W_A,PF_2,33144,2022,8,4
81136253,1136253,W_B,PF_3,35917,2022,8,4
81740258,1740258,W_C,PF_4,40991,2022,8,4
81321497,1321497,W_A,PF_0,38350,2022,8,4
81950549,1950549,W_B,PF_1,18362,2022,8,4
81493247,1493247,W_C,PF_2,16348,2022,8,4
81352561,1352561,W_A,PF_3,33970,2022,8,4
81705422,1705422,W_B,PF_4,41338,2022,8,4
81022712,1022712,W_C,PF_0,35693,2022,8,4
81633085,1633085,W_A,PF_1,33408,2022,8,4
81915675,1915675,W_B,PF_2,43131,2022,8,4
81759024,1759024,W_C,PF_3,20636,2022,8,4
81641168,1641168,W_A,PF_4,44054,2022,8,4
81841568,1841568,W_B,PF_0,42152,2022,8,4
81661410,1661410,W_C,PF_1,27812,2022,8,4
81710785,1710785,W_A,PF_2,44023,2022,8,4
81189716,1189716,W_B,PF_3,33383,2022,8,4
81202924,1202924,W_C,PF_4,16474,2022,8,4
81287424,1287424,W_A,PF_0,23750,2022,8,4
81578653,1578653,W_B,PF_1,12476,2022,8,4
81705332,1705332,W_C,PF_2,11251,2022,8,4
81803508,1803508,W_A,PF_3,49224,2022,8,4
81700607,1700607,W_B,PF_4,13356,2022,8,4
81256263,1256263,W_C,PF_0,30207,2022,8,4
81838070,1838070,W_A,PF_1,31235,2022,8,4
81834977,1834977,W_B,PF_2,14173,2022,8,4
81379146,1379146,W_C,PF_3,21826,2022,8,4
81248060,1248060,W_A,PF_4,15988,2022,8,4
81707025,1707025,W_B,PF_0,36749,2022,8,4
81879235,1879235,W_C,PF_1,14678,2022,8,4
81544930,1544930,W_A,PF_2,11264,2022,8,4
81726969,1726969,W_B,PF_3,16229,2022,8,4
81117440,1117440,W_C,PF_4,12953,2022,8,4
81004740,1004740,W_A,PF_0,16896,2022,8,4
81961719,1961719,W_B,PF_1,16226,2022,8,4
81825560,1825560,W_C,PF_2,42633,2022,8,4
81832552,1832552,W_A,PF_3,43269,2022,8,4
81090594,1090594,W_B,PF_4,19223,2022,8,4
81543938,1543938,W_C,PF_0,38235,2022,8,4
81421180,1421180,W_A,PF_1,48857,2022,8,4
81908273,1908273,W_B,PF_2,21624,2022,8,4
81559835,1559835,W_C,PF_3,10122,2022,8,4
81482803,1482803,W_A,PF_4,28864,2022,8,4
81771270,1771270,W_B,PF_0,34064,2022,8,4
81186743,1186743,W_C,PF_1,46981,2022,8,4
81010092,1010092,W_A,PF_2,49886,2022,8,4
81797094,1797094,W_B,PF_3,44954,2022,8,4
81526326,1526326,W_C,PF_4,22010,2022,8,4
81444898,1444898,W_A,PF_0,13799,2022,8,4
81987197,1987197,W_B,PF_1,39239,2022,8,4
81596820,1596820,W_C,PF_2,26932,2022,8,4
81245657,1245657,W_A,PF_3,26274,2022,8,4
81422920,1422920,W_B,PF_4,41877,2022,8,4
81709261,1709261,W_C,PF_0,24012,2022,8,4
81470217,1470217,W_A,PF_1,17208,2022,8,4
81943544,1943544,W_B,PF_2,10800,2022,8,4
81708464,1708464,W_C,PF_3,35553,2022,8,4
81166815,1166815,W_A,PF_4,43541,2022,8,4
81148598,1148598,W_B,PF_0,15347,2022,8,4
81542320,1542320,W_C,PF_1,32899,2022,8,4
81540951,1540951,W_A,PF_2,16400,2022,8,4
81338107,1338107,W_B,PF_3,42318,2022,8,4
81972232,1972232,W_C,PF_4,44981,2022,8,4
81747756,1747756,W_A,PF_0,47596,2022,8,4
81411516,1411516,W_B,PF_1,48047,2022,8,4
81361836,1361836,W_C,PF_2,25948,2022,8,4
81336891,1336891,W_A,PF_3,34215,2022,8,4
81814880,1814880,W_B,PF_4,22023,2022,8,4
81681215,1681215,W_C,PF_0,10813,2022,8,4
81217963,1217963,W_A,PF_1,42925,2022,8,4
81441235,1441235,W_B,PF_2,23009,2022,8,4
81251251,1251251,W_C,PF_3,22963,2022,8,4
81183992,1183992,W_A,PF_4,15681,2022,8,4
81725410,1725410,W_B,PF_0,16373,2022,8,4
81665271,1665271,W_C,PF_1,29046,2022,8,4
81104927,1104927,W_A,PF_2,32612,2022,8,4
81404240,1404240,W_B,PF_3,23629,2022,8,4
81658227,1658227,W_C,PF_4,39313,2022,8,4
81919447,1919447,W_A,PF_0,32314,2022,8,4
81602257,1602257,W_B,PF_1,13612,2022,8,4
81542470,1542470,W_C,PF_2,46928,2022,8,4
81172141,1172141,W_A,PF_3,31964,2022,8,4
81686011,1686011,W_B,PF_4,19474,2022,8,4
81760339,1760339,W_C,PF_0,26860,2022,8,4
81544715,1544715,W_A,PF_1,26396,2022,8,4
81715505,1715505,W_B,PF_2,18794,2022,8,4
81539334,1539334,W_C,PF_3,32549,2022,8,4
81803831,1803831,W_A,PF_4,16192,2022,8,4
81431913,1431913,W_B,PF_0,33419,2022,8,4
91395072,1395072,W_B,PF_1,34001,2022,9,5
91039394,1039394,W_C,PF_2,49736,2022,9,5
91975221,1975221,W_A,PF_3,21220,2022,9,5
91396615,1396615,W_B,PF_4,31424,2022,9,5
91026987,1026987,W_C,PF_0,17543,2022,9,5
91885799,1885799,W_A,PF_1,31432,2022,9,5
91844486,1844486,W_B,PF_2,34842,2022,9,5
91633773,1633773,W_C,PF_3,21153,2022,9,5
91280204,1280204,W_A,PF_4,31027,2022,9,5
91461444,1461444,W_B,PF_0,61458,2022,9,5
91118364,1118364,W_C,PF_1,37279,2022,9,5
91591858,1591858,W_A,PF_2,38728,2022,9,5
91136253,1136253,W_B,PF_3,54496,2022,9,5
91740258,1740258,W_C,PF_4,59477,2022,9,5
91321497,1321497,W_A,PF_0,43644,2022,9,5
91950549,1950549,W_B,PF_1,30975,2022,9,5
91493247,1493247,W_C,PF_2,51784,2022,9,5
91352561,1352561,W_A,PF_3,31818,2022,9,5
91705422,1705422,W_B,PF_4,47243,2022,9,5
91022712,1022712,W_C,PF_0,39656,2022,9,5
91633085,1633085,W_A,PF_1,53910,2022,9,5
91915675,1915675,W_B,PF_2,24367,2022,9,5
91759024,1759024,W_C,PF_3,21275,2022,9,5
91641168,1641168,W_A,PF_4,23867,2022,9,5
91841568,1841568,W_B,PF_0,55477,2022,9,5
91661410,1661410,W_C,PF_1,58045,2022,9,5
91710785,1710785,W_A,PF_2,25673,2022,9,5
91189716,1189716,W_B,PF_3,54152,2022,9,5
91202924,1202924,W_C,PF_4,48980,2022,9,5
91287424,1287424,W_A,PF_0,44761,2022,9,5
91578653,1578653,W_B,PF_1,26844,2022,9,5
91705332,1705332,W_C,PF_2,19032,2022,9,5
91803508,1803508,W_A,PF_3,29105,2022,9,5
91700607,1700607,W_B,PF_4,29923,2022,9,5
91256263,1256263,W_C,PF_0,32580,2022,9,5
91838070,1838070,W_A,PF_1,27015,2022,9,5
91834977,1834977,W_B,PF_2,53249,2022,9,5
91379146,1379146,W_C,PF_3,22337,2022,9,5
91248060,1248060,W_A,PF_4,27754,2022,9,5
91707025,1707025,W_B,PF_0,60862,2022,9,5
91879235,1879235,W_C,PF_1,15517,2022,9,5
91544930,1544930,W_A,PF_2,60401,2022,9,5
91726969,1726969,W_B,PF_3,56220,2022,9,5
91117440,1117440,W_C,PF_4,44671,2022,9,5
91004740,1004740,W_A,PF_0,22259,2022,9,5
91961719,1961719,W_B,PF_1,58128,2022,9,5
91825560,1825560,W_C,PF_2,19409,2022,9,5
91832552,1832552,W_A,PF_3,17826,2022,9,5
91090594,1090594,W_B,PF_4,62106,2022,9,5
91543938,1543938,W_C,PF_0,60659,2022,9,5
91421180,1421180,W_A,PF_1,42013,2022,9,5
91908273,1908273,W_B,PF_2,52905,2022,9,5
91559835,1559835,W_C,PF_3,32393,2022,9,5
91482803,1482803,W_A,PF_4,14839,2022,9,5
91771270,1771270,W_B,PF_0,15908,2022,9,5
91186743,1186743,W_C,PF_1,41829,2022,9,5
91010092,1010092,W_A,PF_2,13677,2022,9,5
91797094,1797094,W_B,PF_3,48279,2022,9,5
91526326,1526326,W_C,PF_4,44286,2022,9,5
91444898,1444898,W_A,PF_0,24173,2022,9,5
91987197,1987197,W_B,PF_1,51227,2022,9,5
91596820,1596820,W_C,PF_2,25434,2022,9,5
91245657,1245657,W_A,PF_3,31827,2022,9,5
91422920,1422920,W_B,PF_4,51667,2022,9,5
91709261,1709261,W_C,PF_0,47081,2022,9,5
91470217,1470217,W_A,PF_1,44378,2022,9,5
91943544,1943544,W_B,PF_2,42062,2022,9,5
91708464,1708464,W_C,PF_3,43727,2022,9,5
91166815,1166815,W_A,PF_4,18753,2022,9,5
91148598,1148598,W_B,PF_0,43890,2022,9,5
91542320,1542320,W_C,PF_1,28653,2022,9,5
91540951,1540951,W_A,PF_2,17647,2022,9,5
91338107,1338107,W_B,PF_3,16087,2022,9,5
91972232,1972232,W_C,PF_4,39468,2022,9,5
91747756,1747756,W_A,PF_0,40801,2022,9,5
91411516,1411516,W_B,PF_1,35510,2022,9,5
91361836,1361836,W_C,PF_2,35414,2022,9,5
91336891,1336891,W_A,PF_3,26235,2022,9,5
91814880,1814880,W_B,PF_4,45547,2022,9,5
91681215,1681215,W_C,PF_0,37426,2022,9,5
91217963,1217963,W_A,PF_1,34946,2022,9,5
91441235,1441235,W_B,PF_2,22147,2022,9,5
91251251,1251251,W_C,PF_3,49867,2022,9,5
91183992,1183992,W_A,PF_4,36041,2022,9,5
91725410,1725410,W_B,PF_0,56310,2022,9,5
91665271,1665271,W_C,PF_1,45048,2022,9,5
91104927,1104927,W_A,PF_2,19259,2022,9,5
91404240,1404240,W_B,PF_3,17914,2022,9,5
91658227,1658227,W_C,PF_4,50492,2022,9,5
91919447,1919447,W_A,PF_0,56691,2022,9,5
91602257,1602257,W_B,PF_1,12973,2022,9,5
91542470,1542470,W_C,PF_2,60444,2022,9,5
91172141,1172141,W_A,PF_3,35460,2022,9,5
91686011,1686011,W_B,PF_4,18901,2022,9,5
91760339,1760339,W_C,PF_0,55986,2022,9,5
91544715,1544715,W_A,PF_1,59581,2022,9,5
91715505,1715505,W_B,PF_2,34516,2022,9,5
91539334,1539334,W_C,PF_3,19731,2022,9,5
91803831,1803831,W_A,PF_4,60981,2022,9,5
91431913,1431913,W_B,PF_0,17484,2022,9,5
101395072,1395072,W_B,PF_1,14751,2022,10,4
101039394,1039394,W_C,PF_2,13634,2022,10,4
101975221,1975221,W_A,PF_3,23817,2022,10,4
101396615,1396615,W_B,PF_4,34254,2022,10,4
101026987,1026987,W_C,PF_0,13037,2022,10,4
101885799,1885799,W_A,PF_1,18430,2022,10,4
101844486,1844486,W_B,PF_2,29837,2022,10,4
101633773,1633773,W_C,PF_3,25750,2022,10,4
101280204,1280204,W_A,PF_4,28642,2022,10,4
101461444,1461444,W_B,PF_0,35100,2022,10,4
101118364,1118364,W_C,PF_1,27780,2022,10,4
101591858,1591858,W_A,PF_2,41778,2022,10,4
101136253,1136253,W_B,PF_3,21987,2022,10,4
101740258,1740258,W_C,PF_4,45191,2022,10,4
101321497,1321497,W_A,PF_0,37308,2022,10,4
101950549,1950549,W_B,PF_1,17263,2022,10,4
101493247,1493247,W_C,PF_2,21977,2022,10,4
101352561,1352561,W_A,PF_3,31770,2022,10,4
101705422,1705422,W_B,PF_4,20181,2022,10,4
101022712,1022712,W_C,PF_0,30290,2022,10,4
101633085,1633085,W_A,PF_1,33888,2022,10,4
101915675,1915675,W_B,PF_2,25196,2022,10,4
101759024,1759024,W_C,PF_3,14858,2022,10,4
101641168,1641168,W_A,PF_4,21246,2022,10,4
101841568,1841568,W_B,PF_0,19990,2022,10,4
101661410,1661410,W_C,PF_1,24075,2022,10,4
101710785,1710785,W_A,PF_2,20964,2022,10,4
101189716,1189716,W_B,PF_3,15054,2022,10,4
101202924,1202924,W_C,PF_4,44568,2022,10,4
101287424,1287424,W_A,PF_0,49766,2022,10,4
101578653,1578653,W_B,PF_1,36267,2022,10,4
101705332,1705332,W_C,PF_2,24920,2022,10,4
101803508,1803508,W_A,PF_3,40849,2022,10,4
101700607,1700607,W_B,PF_4,15248,2022,10,4
101256263,1256263,W_C,PF_0,20871,2022,10,4
101838070,1838070,W_A,PF_1,30922,2022,10,4
101834977,1834977,W_B,PF_2,40983,2022,10,4
101379146,1379146,W_C,PF_3,22926,2022,10,4
101248060,1248060,W_A,PF_4,34837,2022,10,4
101707025,1707025,W_B,PF_0,18211,2022,10,4
101879235,1879235,W_C,PF_1,26688,2022,10,4
101544930,1544930,W_A,PF_2,38300,2022,10,4
101726969,1726969,W_B,PF_3,12040,2022,10,4
101117440,1117440,W_C,PF_4,44101,2022,10,4
101004740,1004740,W_A,PF_0,11825,2022,10,4
101961719,1961719,W_B,PF_1,10172,2022,10,4
101825560,1825560,W_C,PF_2,25385,2022,10,4
101832552,1832552,W_A,PF_3,22452,2022,10,4
101090594,1090594,W_B,PF_4,31291,2022,10,4
101543938,1543938,W_C,PF_0,37149,2022,10,4
101421180,1421180,W_A,PF_1,25311,2022,10,4
101908273,1908273,W_B,PF_2,12451,2022,10,4
101559835,1559835,W_C,PF_3,23541,2022,10,4
101482803,1482803,W_A,PF_4,17568,2022,10,4
101771270,1771270,W_B,PF_0,16026,2022,10,4
101186743,1186743,W_C,PF_1,32609,2022,10,4
101010092,1010092,W_A,PF_2,41246,2022,10,4
101797094,1797094,W_B,PF_3,40987,2022,10,4
101526326,1526326,W_C,PF_4,29848,2022,10,4
101444898,1444898,W_A,PF_0,39886,2022,10,4
101987197,1987197,W_B,PF_1,19009,2022,10,4
101596820,1596820,W_C,PF_2,17384,2022,10,4
101245657,1245657,W_A,PF_3,44927,2022,10,4
101422920,1422920,W_B,PF_4,13658,2022,10,4
101709261,1709261,W_C,PF_0,29927,2022,10,4
101470217,1470217,W_A,PF_1,45385,2022,10,4
101943544,1943544,W_B,PF_2,26210,2022,10,4
101708464,1708464,W_C,PF_3,38443,2022,10,4
101166815,1166815,W_A,PF_4,35881,2022,10,4
101148598,1148598,W_B,PF_0,30234,2022,10,4
101542320,1542320,W_C,PF_1,23272,2022,10,4
101540951,1540951,W_A,PF_2,47123,2022,10,4
101338107,1338107,W_B,PF_3,23711,2022,10,4
101972232,1972232,W_C,PF_4,26092,2022,10,4
101747756,1747756,W_A,PF_0,27948,2022,10,4
101411516,1411516,W_B,PF_1,43593,2022,10,4
101361836,1361836,W_C,PF_2,26776,2022,10,4
101336891,1336891,W_A,PF_3,29927,2022,10,4
101814880,1814880,W_B,PF_4,14247,2022,10,4
101681215,1681215,W_C,PF_0,22812,2022,10,4
101217963,1217963,W_A,PF_1,17469,2022,10,4
101441235,1441235,W_B,PF_2,47714,2022,10,4
101251251,1251251,W_C,PF_3,37410,2022,10,4
101183992,1183992,W_A,PF_4,39924,2022,10,4
101725410,1725410,W_B,PF_0,24793,2022,10,4
101665271,1665271,W_C,PF_1,46817,2022,10,4
101104927,1104927,W_A,PF_2,35113,2022,10,4
101404240,1404240,W_B,PF_3,46601,2022,10,4
101658227,1658227,W_C,PF_4,37612,2022,10,4
101919447,1919447,W_A,PF_0,41945,2022,10,4
101602257,1602257,W_B,PF_1,44319,2022,10,4
101542470,1542470,W_C,PF_2,29934,2022,10,4
101172141,1172141,W_A,PF_3,15235,2022,10,4
101686011,1686011,W_B,PF_4,19563,2022,10,4
101760339,1760339,W_C,PF_0,10990,2022,10,4
101544715,1544715,W_A,PF_1,44690,2022,10,4
101715505,1715505,W_B,PF_2,33929,2022,10,4
101539334,1539334,W_C,PF_3,11524,2022,10,4
101803831,1803831,W_A,PF_4,22200,2022,10,4
101431913,1431913,W_B,PF_0,22178,2022,10,4
111395072,1395072,W_B,PF_1,23721,2022,11,4
111039394,1039394,W_C,PF_2,46691,2022,11,4
111975221,1975221,W_A,PF_3,19242,2022,11,4
111396615,1396615,W_B,PF_4,44688,2022,11,4
111026987,1026987,W_C,PF_0,33506,2022,11,4
111885799,1885799,W_A,PF_1,44930,2022,11,4
111844486,1844486,W_B,PF_2,39346,2022,11,4
111633773,1633773,W_C,PF_3,11771,2022,11,4
111280204,1280204,W_A,PF_4,10740,2022,11,4
111461444,1461444,W_B,PF_0,24728,2022,11,4
111118364,1118364,W_C,PF_1,27560,2022,11,4
111591858,1591858,W_A,PF_2,46995,2022,11,4
111136253,1136253,W_B,PF_3,30642,2022,11,4
111740258,1740258,W_C,PF_4,36651,2022,11,4
111321497,1321497,W_A,PF_0,14658,2022,11,4
111950549,1950549,W_B,PF_1,38898,2022,11,4
111493247,1493247,W_C,PF_2,17488,2022,11,4
111352561,1352561,W_A,PF_3,43371,2022,11,4
111705422,1705422,W_B,PF_4,32711,2022,11,4
111022712,1022712,W_C,PF_0,47371,2022,11,4
111633085,1633085,W_A,PF_1,42436,2022,11,4
111915675,1915675,W_B,PF_2,11505,2022,11,4
111759024,1759024,W_C,PF_3,16262,2022,11,4
111641168,1641168,W_A,PF_4,35391,2022,11,4
111841568,1841568,W_B,PF_0,24014,2022,11,4
111661410,1661410,W_C,PF_1,42313,2022,11,4
111710785,1710785,W_A,PF_2,35715,2022,11,4
111189716,1189716,W_B,PF_3,31399,2022,11,4
111202924,1202924,W_C,PF_4,31717,2022,11,4
111287424,1287424,W_A,PF_0,22297,2022,11,4
111578653,1578653,W_B,PF_1,36329,2022,11,4
111705332,1705332,W_C,PF_2,46354,2022,11,4
111803508,1803508,W_A,PF_3,46117,2022,11,4
111700607,1700607,W_B,PF_4,28575,2022,11,4
111256263,1256263,W_C,PF_0,29366,2022,11,4
111838070,1838070,W_A,PF_1,29588,2022,11,4
111834977,1834977,W_B,PF_2,33804,2022,11,4
111379146,1379146,W_C,PF_3,23032,2022,11,4
111248060,1248060,W_A,PF_4,45533,2022,11,4
111707025,1707025,W_B,PF_0,19932,2022,11,4
111879235,1879235,W_C,PF_1,10403,2022,11,4
111544930,1544930,W_A,PF_2,34983,2022,11,4
111726969,1726969,W_B,PF_3,34289,2022,11,4
111117440,1117440,W_C,PF_4,43356,2022,11,4
111004740,1004740,W_A,PF_0,41933,2022,11,4
111961719,1961719,W_B,PF_1,20034,2022,11,4
111825560,1825560,W_C,PF_2,49926,2022,11,4
111832552,1832552,W_A,PF_3,44516,2022,11,4
111090594,1090594,W_B,PF_4,28159,2022,11,4
111543938,1543938,W_C,PF_0,43995,2022,11,4
111421180,1421180,W_A,PF_1,46488,2022,11,4
111908273,1908273,W_B,PF_2,21447,2022,11,4
111559835,1559835,W_C,PF_3,35109,2022,11,4
111482803,1482803,W_A,PF_4,45351,2022,11,4
111771270,1771270,W_B,PF_0,25173,2022,11,4
111186743,1186743,W_C,PF_1,32923,2022,11,4
111010092,1010092,W_A,PF_2,48139,2022,11,4
111797094,1797094,W_B,PF_3,38940,2022,11,4
111526326,1526326,W_C,PF_4,16255,2022,11,4
111444898,1444898,W_A,PF_0,30259,2022,11,4
111987197,1987197,W_B,PF_1,31791,2022,11,4
111596820,1596820,W_C,PF_2,38490,2022,11,4
111245657,1245657,W_A,PF_3,44526,2022,11,4
111422920,1422920,W_B,PF_4,30684,2022,11,4
111709261,1709261,W_C,PF_0,16138,2022,11,4
111470217,1470217,W_A,PF_1,39339,2022,11,4
111943544,1943544,W_B,PF_2,12747,2022,11,4
111708464,1708464,W_C,PF_3,22518,2022,11,4
111166815,1166815,W_A,PF_4,41408,2022,11,4
111148598,1148598,W_B,PF_0,43271,2022,11,4
111542320,1542320,W_C,PF_1,41058,2022,11,4
111540951,1540951,W_A,PF_2,21933,2022,11,4
111338107,1338107,W_B,PF_3,36393,2022,11,4
111972232,1972232,W_C,PF_4,14354,2022,11,4
111747756,1747756,W_A,PF_0,25466,2022,11,4
111411516,1411516,W_B,PF_1,13436,2022,11,4
111361836,1361836,W_C,PF_2,36997,2022,11,4
111336891,1336891,W_A,PF_3,16671,2022,11,4
111814880,1814880,W_B,PF_4,45615,2022,11,4
111681215,1681215,W_C,PF_0,17692,2022,11,4
111217963,1217963,W_A,PF_1,31302,2022,11,4
111441235,1441235,W_B,PF_2,35841,2022,11,4
111251251,1251251,W_C,PF_3,34840,2022,11,4
111183992,1183992,W_A,PF_4,14621,2022,11,4
111725410,1725410,W_B,PF_0,16575,2022,11,4
111665271,1665271,W_C,PF_1,10701,2022,11,4
111104927,1104927,W_A,PF_2,42197,2022,11,4
111404240,1404240,W_B,PF_3,31225,2022,11,4
111658227,1658227,W_C,PF_4,39809,2022,11,4
111919447,1919447,W_A,PF_0,31931,2022,11,4
111602257,1602257,W_B,PF_1,37065,2022,11,4
111542470,1542470,W_C,PF_2,10001,2022,11,4
111172141,1172141,W_A,PF_3,26823,2022,11,4
111686011,1686011,W_B,PF_4,23592,2022,11,4
111760339,1760339,W_C,PF_0,11405,2022,11,4
111544715,1544715,W_A,PF_1,36272,2022,11,4
111715505,1715505,W_B,PF_2,13763,2022,11,4
111539334,1539334,W_C,PF_3,17275,2022,11,4
111803831,1803831,W_A,PF_4,27857,2022,11,4
111431913,1431913,W_B,PF_0,11002,2022,11,4
121395072,1395072,W_B,PF_1,14496,2022,12,5
121039394,1039394,W_C,PF_2,28705,2022,12,5
121975221,1975221,W_A,PF_3,13646,2022,12,5
121396615,1396615,W_B,PF_4,57598,2022,12,5
121026987,1026987,W_C,PF_0,34054,2022,12,5
121885799,1885799,W_A,PF_1,54930,2022,12,5
121844486,1844486,W_B,PF_2,46459,2022,12,5
121633773,1633773,W_C,PF_3,61286,2022,12,5
121280204,1280204,W_A,PF_4,58893,2022,12,5
121461444,1461444,W_B,PF_0,22279,2022,12,5
121118364,1118364,W_C,PF_1,58021,2022,12,5
121591858,1591858,W_A,PF_2,12932,2022,12,5
121136253,1136253,W_B,PF_3,58936,2022,12,5
121740258,1740258,W_C,PF_4,47375,2022,12,5
121321497,1321497,W_A,PF_0,46397,2022,12,5
121950549,1950549,W_B,PF_1,51767,2022,12,5
121493247,1493247,W_C,PF_2,40699,2022,12,5
121352561,1352561,W_A,PF_3,17669,2022,12,5
121705422,1705422,W_B,PF_4,49852,2022,12,5
121022712,1022712,W_C,PF_0,49643,2022,12,5
121633085,1633085,W_A,PF_1,33868,2022,12,5
121915675,1915675,W_B,PF_2,22196,2022,12,5
121759024,1759024,W_C,PF_3,29732,2022,12,5
121641168,1641168,W_A,PF_4,49017,2022,12,5
121841568,1841568,W_B,PF_0,14920,2022,12,5
121661410,1661410,W_C,PF_1,43995,2022,12,5
121710785,1710785,W_A,PF_2,43929,2022,12,5
121189716,1189716,W_B,PF_3,24381,2022,12,5
121202924,1202924,W_C,PF_4,52358,2022,12,5
121287424,1287424,W_A,PF_0,16818,2022,12,5
121578653,1578653,W_B,PF_1,37402,2022,12,5
121705332,1705332,W_C,PF_2,59909,2022,12,5
121803508,1803508,W_A,PF_3,19505,2022,12,5
121700607,1700607,W_B,PF_4,48885,2022,12,5
121256263,1256263,W_C,PF_0,37454,2022,12,5
121838070,1838070,W_A,PF_1,15797,2022,12,5
121834977,1834977,W_B,PF_2,24374,2022,12,5
121379146,1379146,W_C,PF_3,24193,2022,12,5
121248060,1248060,W_A,PF_4,44991,2022,12,5
121707025,1707025,W_B,PF_0,24078,2022,12,5
121879235,1879235,W_C,PF_1,55870,2022,12,5
121544930,1544930,W_A,PF_2,33991,2022,12,5
121726969,1726969,W_B,PF_3,45884,2022,12,5
121117440,1117440,W_C,PF_4,46303,2022,12,5
121004740,1004740,W_A,PF_0,30212,2022,12,5
121961719,1961719,W_B,PF_1,20239,2022,12,5
121825560,1825560,W_C,PF_2,36820,2022,12,5
121832552,1832552,W_A,PF_3,14927,2022,12,5
121090594,1090594,W_B,PF_4,33848,2022,12,5
121543938,1543938,W_C,PF_0,14666,2022,12,5
121421180,1421180,W_A,PF_1,14927,2022,12,5
121908273,1908273,W_B,PF_2,31756,2022,12,5
121559835,1559835,W_C,PF_3,57356,2022,12,5
121482803,1482803,W_A,PF_4,40522,2022,12,5
121771270,1771270,W_B,PF_0,15487,2022,12,5
121186743,1186743,W_C,PF_1,42534,2022,12,5
121010092,1010092,W_A,PF_2,38050,2022,12,5
121797094,1797094,W_B,PF_3,49155,2022,12,5
121526326,1526326,W_C,PF_4,31295,2022,12,5
121444898,1444898,W_A,PF_0,32505,2022,12,5
121987197,1987197,W_B,PF_1,61909,2022,12,5
121596820,1596820,W_C,PF_2,23845,2022,12,5
121245657,1245657,W_A,PF_3,29731,2022,12,5
121422920,1422920,W_B,PF_4,23096,2022,12,5
121709261,1709261,W_C,PF_0,45880,2022,12,5
121470217,1470217,W_A,PF_1,24715,2022,12,5
121943544,1943544,W_B,PF_2,42312,2022,12,5
121708464,1708464,W_C,PF_3,45348,2022,12,5
121166815,1166815,W_A,PF_4,14112,2022,12,5
121148598,1148598,W_B,PF_0,19075,2022,12,5
121542320,1542320,W_C,PF_1,38430,2022,12,5
121540951,1540951,W_A,PF_2,22854,2022,12,5
121338107,1338107,W_B,PF_3,21699,2022,12,5
121972232,1972232,W_C,PF_4,24172,2022,12,5
121747756,1747756,W_A,PF_0,57117,2022,12,5
121411516,1411516,W_B,PF_1,49853,2022,12,5
121361836,1361836,W_C,PF_2,29254,2022,12,5
121336891,1336891,W_A,PF_3,27153,2022,12,5
121814880,1814880,W_B,PF_4,21313,2022,12,5
121681215,1681215,W_C,PF_0,21584,2022,12,5
121217963,1217963,W_A,PF_1,40872,2022,12,5
121441235,1441235,W_B,PF_2,55362,2022,12,5
121251251,1251251,W_C,PF_3,38927,2022,12,5
121183992,1183992,W_A,PF_4,26714,2022,12,5
121725410,1725410,W_B,PF_0,45334,2022,12,5
121665271,1665271,W_C,PF_1,55272,2022,12,5
121104927,1104927,W_A,PF_2,37039,2022,12,5
121404240,1404240,W_B,PF_3,49583,2022,12,5
121658227,1658227,W_C,PF_4,17097,2022,12,5
121919447,1919447,W_A,PF_0,51426,2022,12,5
121602257,1602257,W_B,PF_1,58554,2022,12,5
121542470,1542470,W_C,PF_2,17861,2022,12,5
121172141,1172141,W_A,PF_3,14832,2022,12,5
121686011,1686011,W_B,PF_4,54873,2022,12,5
121760339,1760339,W_C,PF_0,35569,2022,12,5
121544715,1544715,W_A,PF_1,56244,2022,12,5
121715505,1715505,W_B,PF_2,41897,2022,12,5
121539334,1539334,W_C,PF_3,53392,2022,12,5
121803831,1803831,W_A,PF_4,48499,2022,12,5
121431913,1431913,W_B,PF_0,28570,2022,12,5
